village,vlcode,significant_cyclone_events,cyclones_within_50km,cyclones_within_100km,cyclones_within_200km,nearest_cyclone_distance_km,maximum_nearby_wind_kt,strongest_cyclone_event,strongest_cyclone_name,maximum_event_score,frequency_score,cyclone_hazard_score,cyclone_hazard_category
Birin Dola,396779,23,2,8,23,42.61763474922991,140.0,1999_7,,0.4914997183252402,1.0,0.6440498028276681,VERY HIGH
Gopei,396731,23,2,8,23,36.67243084383659,140.0,1999_7,,0.5426953421247516,1.0,0.679886739487326,VERY HIGH
Bilabalarampur,396712,23,3,8,23,40.19238195413156,140.0,1999_7,,0.5117735522348887,1.0,0.6582414865644222,VERY HIGH
Mandia,396795,23,2,9,23,44.56115341552919,140.0,1999_7,,0.4758341593147006,1.0,0.6330839115202904,VERY HIGH
Arimula,396722,23,3,9,23,43.06058043471164,140.0,1999_7,,0.48788461752726286,1.0,0.6415192322690839,VERY HIGH
Gajipithi,396776,23,2,8,23,41.89613529071395,140.0,1999_7,,0.49744567639971515,1.0,0.6482119734798006,VERY HIGH
Agar Bindha,396728,23,2,8,23,39.022724256551555,140.0,1999_7,,0.5218480958286014,1.0,0.6652936670800209,VERY HIGH
Talagan,396710,23,2,8,23,39.12587994015361,140.0,1999_7,,0.5209516733573226,1.0,0.6646661713501258,VERY HIGH
Karandia Patna,396715,23,3,9,23,42.62486903921463,140.0,1999_7,,0.49144046103951894,1.0,0.6440083227276632,VERY HIGH
Jalopoka,396702,22,2,8,22,35.351451015376846,140.0,1999_7,,0.5547760000293375,1.0,0.6883432000205362,VERY HIGH
Karilo Patana,396709,23,2,8,23,37.39085936236892,140.0,1999_7,,0.5362359608193827,1.0,0.6753651725735679,VERY HIGH
Akhuadakhini,396796,23,2,9,23,43.74328721229101,140.0,1999_7,,0.4823647121376713,1.0,0.6376552984963699,VERY HIGH
Pokshyot,396701,22,2,8,22,34.31986376130693,140.0,1999_7,,0.5643967996626095,1.0,0.6950777597638266,VERY HIGH
Hantapada,396708,23,2,8,23,37.91007242694339,140.0,1999_7,,0.5316156354864572,1.0,0.6721309448405199,VERY HIGH
Abhaypur,396778,23,2,9,23,42.774932904980496,140.0,1999_7,,0.49021287256208074,1.0,0.6431490107934565,VERY HIGH
Orisbindha,396777,23,2,9,23,42.175783051370736,140.0,1999_7,,0.49513257820220297,1.0,0.6465928047415421,VERY HIGH
Raichand,396732,23,2,8,23,36.72432693851249,140.0,1999_7,,0.5422261489172103,1.0,0.6795583042420472,VERY HIGH
Gaudagan,396714,23,3,9,23,41.44536537016167,140.0,1999_7,,0.5011969759976365,1.0,0.6508378831983455,VERY HIGH
Jokia,396780,23,2,9,23,43.26702477293576,140.0,1999_7,,0.4862088185573593,1.0,0.6403461729901515,VERY HIGH
Dalaanta,396725,23,2,8,23,40.08073856266196,140.0,1999_7,,0.5127267076563449,1.0,0.6589086953594414,VERY HIGH
Raghunatha Pur,396723,23,3,9,23,42.54077578409368,140.0,1999_7,,0.49212972441447866,1.0,0.644490807090135,VERY HIGH
Jamapada,396724,23,2,8,23,41.28069424547743,140.0,1999_7,,0.5025744098249337,1.0,0.6518020868774536,VERY HIGH
Naranpur,396707,23,2,8,23,36.74801426080922,140.0,1999_7,,0.5420121264077061,1.0,0.6794084884853943,VERY HIGH
Dihabalarampur,396713,23,2,8,23,40.16038685089227,140.0,1999_7,,0.5120465291384368,1.0,0.6584325703969058,VERY HIGH
Aitpur,396711,23,2,8,23,38.23033032555157,140.0,1999_7,,0.5287856265399566,1.0,0.6701499385779697,VERY HIGH
Odang,396781,23,2,10,23,44.08692036678756,140.0,1999_7,,0.479609999627871,1.0,0.6357269997395096,VERY HIGH
Surtipur,396490,22,2,8,22,35.50318208154037,140.0,1999_7,,0.5533748265561579,1.0,0.6873623785893105,VERY HIGH
Gobindpur,395658,20,4,10,20,14.241122720130404,140.0,1984_4,,0.3661884460934842,1.0,0.5563319122654389,LOW
Laxmiprasad,395975,20,2,13,20,11.0215960587738,140.0,1984_4,,0.3863744042758774,1.0,0.5704620829931142,MODERATE
Padmanavpatna,396054,20,2,13,20,17.185155327449415,140.0,1984_4,,0.34865429439868895,1.0,0.5440580060790823,LOW
Ratanpur,396893,23,0,10,23,50.6727217989379,140.0,1999_7,,0.4297526951441254,1.0,0.6008268866008877,VERY HIGH
Khamaganbindha,396940,23,2,10,23,48.30644610192339,140.0,1999_7,,0.44703989623375046,1.0,0.6129279273636252,VERY HIGH
Potari,396892,23,1,9,23,49.869874066925405,140.0,1999_7,,0.4355417729455037,1.0,0.6048792410618526,VERY HIGH
Raipur,396958,21,1,10,21,47.60404982474535,140.0,1999_7,,0.4194989064793095,1.0,0.5936492345355167,HIGH
Samjori,396954,23,1,10,23,48.329503632692045,140.0,1999_7,,0.41315043907706267,1.0,0.5892053073539438,HIGH
Pailo,396872,23,1,9,23,45.693545749975804,140.0,1999_7,,0.46693785833413254,1.0,0.6268565008338928,VERY HIGH
Barunei,396075,21,2,14,21,20.186208731054023,140.0,1984_4,,0.331644401169327,1.0,0.5321510808185288,LOW
Madhuraganda Khamar,396953,23,1,10,23,47.88421668300916,140.0,1999_7,,0.4092775931543626,1.0,0.5864943152080537,HIGH
Khurusia,396962,21,1,10,21,47.62722973849641,140.0,1999_7,,0.42262177512318666,1.0,0.5958352425862306,HIGH
Nachhipada,396888,23,1,10,23,48.5942944433337,140.0,1999_7,,0.44490037094943097,1.0,0.6114302596646016,VERY HIGH
Manikipur,396880,23,1,10,23,47.73409015194646,140.0,1999_7,,0.45132473324908967,1.0,0.6159273132743628,VERY HIGH
Gopalapur,396948,23,1,10,23,48.51097092257291,140.0,1999_7,,0.42411168983359604,1.0,0.5968781828835172,VERY HIGH
Mantei,396874,23,1,9,23,46.83095818620782,140.0,1999_7,,0.4581695486699758,1.0,0.620718684068983,VERY HIGH
Antei,396873,23,1,9,23,46.530186783249306,140.0,1999_7,,0.46047205321017237,1.0,0.6223304372471206,VERY HIGH
Beruhan,396942,23,1,10,23,49.75230342092572,140.0,1999_7,,0.43365283895319356,1.0,0.6035569872672355,VERY HIGH
Khamagan,396882,23,1,10,23,48.46246967843194,140.0,1999_7,,0.4458789269852072,1.0,0.6121152488896451,VERY HIGH
Naladiapalanda,396956,23,0,10,23,50.148013247059914,140.0,1999_7,,0.4228635474207557,1.0,0.596004483194529,VERY HIGH
Badaghai,396955,23,1,10,23,49.58092643044751,140.0,1999_7,,0.4189991832991226,1.0,0.5932994283093858,HIGH
Batira,396887,23,1,9,23,48.885350374774156,140.0,1999_7,,0.44274741556051195,1.0,0.6099231908923584,VERY HIGH
Nuagan,396945,23,0,10,23,51.37463076665002,140.0,1999_7,,0.4244510519771288,1.0,0.5971157363839901,VERY HIGH
Dhaniapada,396944,23,0,10,23,50.577628212694066,140.0,1999_7,,0.4304343472572929,1.0,0.601304043080105,VERY HIGH
Madhusudanpur,396891,23,0,10,23,50.028820613779985,140.0,1999_7,,0.43438950218451283,1.0,0.604072651529159,VERY HIGH
Sereinpur,396951,23,1,10,23,48.69963486038187,140.0,1999_7,,0.41722560823434396,1.0,0.5920579257640408,HIGH
Ramachandrapur,396884,23,1,9,23,47.88420948731856,140.0,1999_7,,0.4501969352232976,1.0,0.6151378546563083,VERY HIGH
Baripal,396886,23,1,9,23,48.02048762227443,140.0,1999_7,,0.4491755622741406,1.0,0.6144228935918984,VERY HIGH
Balighai,396885,23,1,9,23,47.347330285839135,140.0,1999_7,,0.4542433681234234,1.0,0.6179703576863964,VERY HIGH
Mangarajpur,396890,23,1,10,23,49.491144612765176,140.0,1999_7,,0.4382996762474668,1.0,0.6068097733732267,VERY HIGH
Ameipal,396952,23,1,10,23,49.28567717859052,140.0,1999_7,,0.411465031101775,1.0,0.5880255217712425,HIGH
Tikhiri,396946,23,0,10,23,50.21482511381408,140.0,1999_7,,0.4165516662598576,1.0,0.5915861663819003,HIGH
Balisuan,396947,23,1,10,23,49.63333187342959,140.0,1999_7,,0.4261371881494603,1.0,0.5982960317046222,VERY HIGH
Mahanangala,396957,21,1,10,21,47.55848175523026,140.0,1999_7,,0.4146844469477555,1.0,0.5902791128634288,HIGH
Alifa,396943,23,1,10,23,49.216533047265,140.0,1999_7,,0.44031030993571385,1.0,0.6082172169549996,VERY HIGH
Kalagarh,396959,21,1,10,21,46.190366671577486,140.0,1999_7,,0.410585135873964,1.0,0.5874095951117748,HIGH
Potari,396889,23,1,10,23,49.47355369509086,140.0,1999_7,,0.43842819664516985,1.0,0.6068997376516189,VERY HIGH
Bauda,396950,23,1,10,23,47.524314209014854,140.0,1999_7,,0.4164340086549319,1.0,0.5915038060584523,HIGH
Ramachandrapur,396974,22,2,12,22,45.52846738871954,140.0,1999_7,,0.43767317493562025,1.0,0.6063712224549341,VERY HIGH
Jadupur,396933,21,1,11,21,44.031611370317826,140.0,1999_7,,0.4028165442576785,1.0,0.5819715809803749,HIGH
Tekarapanga,396969,21,1,12,21,44.764399873897254,140.0,1999_7,,0.4255946351328592,1.0,0.5979162445930014,VERY HIGH
Gokha Khati,397104,22,1,12,22,41.28010240267611,140.0,1999_7,,0.4188975984296906,1.0,0.5932283189007834,HIGH
Naladiasasan,396967,21,1,11,21,44.92874207695532,140.0,1999_7,,0.41382168669605934,1.0,0.5896751806872416,HIGH
Rajendra Nagar,397117,21,1,15,21,40.82300611013997,140.0,1999_7,,0.4313298160812207,1.0,0.6019308712568545,VERY HIGH
Masakani,396932,21,1,11,21,44.34504561668198,140.0,1999_7,,0.40820171379193854,1.0,0.5857411996543569,HIGH
Raula,396929,21,1,12,21,42.20627217100476,140.0,1999_7,,0.41438849625118424,1.0,0.5900719473758289,HIGH
Tentuli Kandha,397118,21,1,14,21,40.65147296107038,140.0,1999_7,,0.42580113853594964,1.0,0.5980607969751648,VERY HIGH
Chhanda,396976,22,2,12,22,44.58909162617947,140.0,1999_7,,0.4364789822075966,1.0,0.6055352875453176,VERY HIGH
Dekani,396964,21,1,11,21,47.05890887489616,140.0,1999_7,,0.43123804006155675,1.0,0.6018666280430898,VERY HIGH
Patalipanka,396970,21,2,11,21,47.72037923883001,140.0,1999_7,,0.4370249955300859,1.0,0.6059174968710601,VERY HIGH
Kodakan,396973,22,2,12,22,46.28683612368148,140.0,1999_7,,0.4390452614774105,1.0,0.6073316830341873,VERY HIGH
Chheda Kani,397107,21,1,14,21,40.01926168686422,140.0,1999_7,,0.4200729996327559,1.0,0.5940510997429291,HIGH
Khurusiapat,396963,21,1,10,21,47.90843483413398,140.0,1999_7,,0.4325293438251008,1.0,0.6027705406775705,VERY HIGH
Koratapanga,396965,21,1,11,21,46.30579949866807,140.0,1999_7,,0.4271939390305254,1.0,0.5990357573213677,VERY HIGH
Akhadasali,397121,21,2,15,21,42.503429935399936,140.0,1999_7,,0.4442790862517982,1.0,0.6109953603762587,VERY HIGH
Naladia,396971,22,2,11,22,46.972104521895915,140.0,1999_7,,0.44151695740590413,1.0,0.6090618701841328,VERY HIGH
Dasarajapur,397120,22,2,14,22,43.02307433795756,140.0,1999_7,,0.4404903948677961,1.0,0.6083432764074572,VERY HIGH
Bandhakud,396961,21,1,10,21,47.03431144224643,140.0,1999_7,,0.42234857709223467,1.0,0.5956440039645643,HIGH
Gatanai Nuasahi,396966,21,1,11,21,45.79431225098995,140.0,1999_7,,0.41844172011445235,1.0,0.5929092040801166,HIGH
Purusottampur,396979,21,1,12,21,43.89225237445011,140.0,1999_7,,0.42847069695660167,1.0,0.5999294878696211,VERY HIGH
Nuagan,396931,21,1,12,21,43.214812220161676,140.0,1999_7,,0.4098565536065085,1.0,0.586899587524556,HIGH
Gararomita,396983,22,1,12,22,43.22847961746051,140.0,1999_7,,0.4341389969405736,1.0,0.6038972978584015,VERY HIGH
Narayanpur,396968,21,1,11,21,44.70784330534961,140.0,1999_7,,0.41948873745255894,1.0,0.5936421162167913,HIGH
Harishpur,396048,20,2,14,20,19.132270501318786,140.0,1984_4,,0.3375214119943844,1.0,0.5362649883960691,LOW
Subala,396928,21,1,12,21,41.74490100438797,140.0,1999_7,,0.417257824776199,1.0,0.5920804773433392,HIGH
Sathiabati,397103,21,1,14,21,41.154441840456144,140.0,1999_7,,0.4229099311130957,1.0,0.596036951779167,VERY HIGH
Nalitajori Pal,397119,22,2,14,22,42.116453515324665,140.0,1999_7,,0.43584057074020827,1.0,0.6050883995181457,VERY HIGH
Nunimatia Kandha,397105,21,1,12,21,40.5466633664253,140.0,1999_7,,0.41720894983621576,1.0,0.5920462648853511,HIGH
Anantapur,396977,21,1,12,21,44.66532899421331,140.0,1999_7,,0.43185217303069146,1.0,0.6022965211214839,VERY HIGH
Guptagiri,397116,21,2,15,21,39.46371229858892,140.0,1999_7,,0.4230109410710973,1.0,0.5961076587497681,VERY HIGH
Belar,396930,21,1,12,21,42.24472960998985,140.0,1999_7,,0.40909401380345406,1.0,0.5863658096624178,HIGH
Madhusudanpur,396981,22,1,12,22,43.30522180191081,140.0,1999_7,,0.426893258646478,1.0,0.5988252810525345,VERY HIGH
Taradeipur,396978,21,1,12,21,44.27518096398381,140.0,1999_7,,0.4254200289464378,1.0,0.5977940202625065,VERY HIGH
Karanjia,396049,21,2,14,21,19.306419523727502,140.0,1984_4,,0.33654318193053245,1.0,0.5355802273513727,LOW
Bahargadabadadandua,397122,21,2,15,21,41.48083985633535,140.0,1999_7,,0.43560841147701107,1.0,0.6049258880339077,VERY HIGH
Thantapalanda,396960,21,1,10,21,46.26538515231048,140.0,1999_7,,0.41507269176273154,1.0,0.590550884233912,HIGH
Srirampur,396982,22,1,12,22,42.455485526356114,140.0,1999_7,,0.4266155786009648,1.0,0.5986309050206753,VERY HIGH
Nandanpur,396980,21,1,12,21,42.9440787611249,140.0,1999_7,,0.4195596141090075,1.0,0.5936917298763051,HIGH
Paunsiapal,396975,22,2,12,22,45.40945261942909,140.0,1999_7,,0.43923156176831507,1.0,0.6074620932378205,VERY HIGH
Raghunathpur,396972,21,2,11,21,46.93000076359395,140.0,1999_7,,0.4373572157381467,1.0,0.6061500510167026,VERY HIGH
Saralikud,397136,21,6,15,21,43.612919024760586,140.0,1999_7,,0.4782033731342359,1.0,0.6347423611939651,VERY HIGH
Jogidhankud,397135,21,6,15,21,44.03621665388694,140.0,1999_7,,0.477551470528684,1.0,0.6342860293700787,VERY HIGH
Kansardia,397132,21,5,15,21,35.7418557896764,140.0,1999_7,,0.4211748012983217,1.0,0.5948223609088252,HIGH
Palli Garh,397123,21,3,15,21,40.831478092232025,140.0,1999_7,,0.43669343020092893,1.0,0.6056854011406503,VERY HIGH
Batighar,396060,21,6,15,21,39.724704400411106,140.0,1999_7,,0.44987826495247357,1.0,0.6149147854667314,VERY HIGH
Barakoli Khala,397137,21,6,15,21,40.58012518691359,140.0,1999_7,,0.45484388131033454,1.0,0.6183907169172341,VERY HIGH
Banabiharipur,397126,21,5,15,21,41.77841750326075,140.0,1999_7,,0.4534954893371797,1.0,0.6174468425360258,VERY HIGH
Nipania,397134,21,6,15,21,41.93053207390007,140.0,1999_7,,0.46250536061206704,1.0,0.6237537524284469,VERY HIGH
Baraja Bahakuda,397125,21,3,15,21,40.557324026103814,140.0,1999_7,,0.4411991630580149,1.0,0.6088394141406104,VERY HIGH
Ramanagar,397128,21,2,15,21,38.805715572301466,140.0,1999_7,,0.43229704164339294,1.0,0.602607929150375,VERY HIGH
Bahakuda Pitapat,397124,21,3,15,21,42.288628759450546,140.0,1999_7,,0.4501764878104643,1.0,0.6151235414673251,VERY HIGH
Badatubi,397127,21,6,15,21,41.36326593609681,140.0,1999_7,,0.45452871404485884,1.0,0.6181700998314011,VERY HIGH
Sanatubi,397133,21,6,15,21,39.43541296162672,140.0,1999_7,,0.4448133811645061,1.0,0.6113693668151543,VERY HIGH
Kentia,397114,21,2,15,21,38.35581806447448,140.0,1999_7,,0.41867779653562437,1.0,0.593074457574937,HIGH
Hetamundia,397138,21,6,15,21,38.04408576356411,140.0,1999_7,,0.44401104671051383,1.0,0.6108077326973597,VERY HIGH
Kasoti,396910,21,2,10,21,45.845947760186185,140.0,1999_7,,0.4394844949605176,1.0,0.6076391464723623,VERY HIGH
Badapaldia,396913,21,1,10,21,43.9032128469527,140.0,1999_7,,0.41827467206313895,1.0,0.5927922704441972,HIGH
Kharinasi,396059,21,2,15,21,36.61497604093251,140.0,1999_7,,0.4220244842948379,1.0,0.5954171390063865,HIGH
Bhitara Kharinasi,397130,21,5,15,21,35.87068899883319,140.0,1999_7,,0.42026161537153645,1.0,0.5941831307600756,HIGH
Bikeikani,396020,20,2,13,20,16.944987391872186,140.0,1984_4,,0.3500526843036288,1.0,0.5450368790125402,LOW
Baulanga,396782,23,3,10,23,46.11839127787267,140.0,1999_7,,0.46364326187205235,1.0,0.6245502833104366,VERY HIGH
Bandha Kata,396720,23,3,9,23,46.60868969623385,140.0,1999_7,,0.4598699738788239,1.0,0.6219089817151766,VERY HIGH
Gobind Pur,397052,20,1,9,20,37.963869673085966,140.0,1999_7,,0.4094184861540297,1.0,0.5865929403078207,HIGH
Gohipur,396053,20,2,13,20,17.3023882241042,140.0,1984_4,,0.347973730271677,1.0,0.5435816111901739,LOW
Talasanga,396788,23,2,10,23,48.44463627293566,140.0,1999_7,,0.4460114723438104,1.0,0.6122080306406672,VERY HIGH
Sanagan,396935,21,1,10,21,43.944517159179924,140.0,1999_7,,0.39685731431756804,1.0,0.5778001200222975,HIGH
Kuhudi,396536,21,2,9,21,40.627947139824045,140.0,1999_7,,0.4383568435817241,1.0,0.6068497905072068,VERY HIGH
Jaudia,396018,20,2,13,20,16.055083800539624,140.0,1984_4,,0.355283263359713,1.0,0.5486982843517991,LOW
Badapal,396912,21,1,10,21,45.07032012810951,140.0,1999_7,,0.42281002650674504,1.0,0.5959670185547215,VERY HIGH
Narasingpur,396790,23,3,10,23,45.49678064953666,140.0,1999_7,,0.46847165651903433,1.0,0.627930159563324,VERY HIGH
Manitiri,396894,21,3,9,21,46.31319421467218,140.0,1999_7,,0.46177877931043176,1.0,0.6232451455173023,VERY HIGH
Puruso Tamapur,396899,21,2,9,21,43.807859580489726,140.0,1999_7,,0.4354354446015446,1.0,0.6048048112210812,VERY HIGH
Baikuntha Pur,396721,23,3,9,23,45.02557230821526,140.0,1999_7,,0.47216527058651786,1.0,0.6305156894105625,VERY HIGH
Badagan,396937,21,1,10,21,45.95870051763627,140.0,1999_7,,0.4132820203662371,1.0,0.589297414256366,HIGH
Tulasi Pur,396914,21,1,10,21,44.412131796656105,140.0,1999_7,,0.42754328214698045,1.0,0.5992802975028864,VERY HIGH
Bhagabanpur,396949,23,1,10,23,47.91253972206367,140.0,1999_7,,0.43036914111607033,1.0,0.6012583987812492,VERY HIGH
Gayaspur,397053,20,1,9,20,39.26192171775037,140.0,1999_7,,0.4095071120866891,1.0,0.5866549784606823,HIGH
Posta,396540,21,1,9,21,41.403518087383695,140.0,1999_7,,0.43016739132696385,1.0,0.6011171739288746,VERY HIGH
Juna,396909,21,2,9,21,44.65509563107291,140.0,1999_7,,0.43624889858387206,1.0,0.6053742290087104,VERY HIGH
Narayanpur,396519,21,2,9,21,41.646471765297434,140.0,1999_7,,0.44632108792392877,1.0,0.6124247615467502,VERY HIGH
Jaripada,396542,21,1,9,21,40.43254148845761,140.0,1999_7,,0.43109550890695464,1.0,0.6017668562348681,VERY HIGH
Hatia,396896,21,2,9,21,43.97769634218365,140.0,1999_7,,0.4521071607962157,1.0,0.616475012557351,VERY HIGH
Manikunda,396897,21,2,9,21,44.62115653727987,140.0,1999_7,,0.4519937246680399,1.0,0.6163956072676279,VERY HIGH
Bachharai,396717,21,3,9,21,45.73139311686635,140.0,1999_7,,0.46664341173680807,1.0,0.6266503882157657,VERY HIGH
Godhan,396718,21,3,9,21,45.96688108279085,140.0,1999_7,,0.45778317677820934,1.0,0.6204482237447465,VERY HIGH
Baghadia,396016,20,2,13,20,15.545915264527325,140.0,1984_4,,0.35831107673460544,1.0,0.5508177537142238,LOW
Kurutunga,396539,21,1,9,21,41.94958028336326,140.0,1999_7,,0.43444333507544647,1.0,0.6041103345528125,VERY HIGH
Thauri,396541,21,1,9,21,40.6948295017576,140.0,1999_7,,0.42319175705559164,1.0,0.5962342299389141,VERY HIGH
Podana,396791,23,2,10,23,44.7087387618838,140.0,1999_7,,0.4746651618081278,1.0,0.6322656132656894,VERY HIGH
Haladia,396941,23,2,10,23,48.796255466836904,140.0,1999_7,,0.4399462025568017,1.0,0.6079623417897612,VERY HIGH
Dara Bachha,396898,21,2,9,21,44.633675291162604,140.0,1999_7,,0.44527802199423777,1.0,0.6116946153959664,VERY HIGH
Bhusaranga,396879,23,2,10,23,48.06810484831511,140.0,1999_7,,0.4488192287849331,1.0,0.6141734601494531,VERY HIGH
Raghabapur,396792,23,2,9,23,44.74814483490141,140.0,1999_7,,0.47435351932396513,1.0,0.6320474635267755,VERY HIGH
Athabatia,396938,21,1,10,21,46.15214350562548,140.0,1999_7,,0.42185428672569625,1.0,0.5952980007079873,HIGH
Jay Chandrapur,396936,21,1,10,21,44.748587500086984,140.0,1999_7,,0.4075544302487282,1.0,0.5852881011741097,HIGH
Sasanipada,396787,23,2,10,23,47.88806433744696,140.0,1999_7,,0.44461714317067974,1.0,0.6112320002194758,VERY HIGH
Balikuda,396918,21,1,10,21,45.10040761528848,140.0,1999_7,,0.4174516840309581,1.0,0.5922161788216707,HIGH
Garajanga,396939,21,1,10,21,46.71984200322778,140.0,1999_7,,0.43369745257073744,1.0,0.6035882167995161,VERY HIGH
Aitipur,396919,21,1,10,21,44.47883580460036,140.0,1999_7,,0.4118381330305883,1.0,0.5882866931214118,HIGH
Kusun Pur,396915,21,1,10,21,43.616396195132246,140.0,1999_7,,0.4218309574578607,1.0,0.5952816702205024,HIGH
Pikarali,396789,23,2,10,23,46.53015482276049,140.0,1999_7,,0.4604722984921028,1.0,0.622330608944472,VERY HIGH
Girang,396906,21,1,9,21,41.94569811946992,140.0,1999_7,,0.4083188653653599,1.0,0.5858232057557519,HIGH
Mehendinagar,396512,21,3,9,21,44.49861184508835,140.0,1999_7,,0.4763304081645044,1.0,0.6334312857151531,VERY HIGH
Karamakul,396917,21,1,10,21,43.68063013427864,140.0,1999_7,,0.41280276286138873,1.0,0.5889619340029721,HIGH
Hindulia,396895,21,3,9,21,45.718461326763915,140.0,1999_7,,0.46371586158636274,1.0,0.6246011031104539,VERY HIGH
Bagadia,396901,21,1,9,21,40.74690437909264,140.0,1999_7,,0.4118574649377675,1.0,0.5883002254564372,HIGH
Silipur,396900,21,1,9,21,42.227099906350844,140.0,1999_7,,0.4261142587172169,1.0,0.5982799811020518,VERY HIGH
Kan Pur,396908,21,1,9,21,42.96388979266653,140.0,1999_7,,0.42342119953992174,1.0,0.5963948396779453,VERY HIGH
Parakula,396783,23,2,10,23,47.62459492832726,140.0,1999_7,,0.45214911694747834,1.0,0.6165043818632348,VERY HIGH
Gopinathpur,396916,21,1,10,21,43.01359415277957,140.0,1999_7,,0.4072995896674467,1.0,0.5851097127672127,HIGH
Bara Tunga,396719,21,2,9,21,46.270773104843904,140.0,1999_7,,0.453425365152571,1.0,0.6173977556067997,VERY HIGH
Jaganathpur,396535,20,2,9,20,40.16074804089504,140.0,1999_7,,0.440630826419669,1.0,0.6084415784937682,VERY HIGH
Ramchandrapur,395847,20,3,11,20,5.551877747167814,140.0,1984_4,,0.4232524588649368,1.0,0.5962767212054557,VERY HIGH
Kuanrpal,396911,21,1,10,21,45.555632241387315,140.0,1999_7,,0.4319025146320391,1.0,0.6023317602424274,VERY HIGH
Badakul,396920,21,1,10,21,42.84433767905388,140.0,1999_7,,0.400406033708378,1.0,0.5802842235958645,HIGH
Narayanpur,396786,21,2,10,21,46.7743113147428,140.0,1999_7,,0.4446951439246628,1.0,0.6112866007472639,VERY HIGH
Dumuka,396907,21,1,9,21,42.08701795280685,140.0,1999_7,,0.41511985089269626,1.0,0.5905838956248873,HIGH
Pentha,396716,23,3,9,23,44.33199721158356,140.0,1999_7,,0.47765497335258866,1.0,0.634358481346812,VERY HIGH
Jagadispur,396522,21,3,9,21,41.22252005696484,140.0,1999_7,,0.4471288071860953,1.0,0.6129901650302667,VERY HIGH
Chakarpur,396516,21,3,9,21,42.43478308760317,140.0,1999_7,,0.4561146061116461,1.0,0.6192802242781523,VERY HIGH
Barei,396537,21,2,9,21,41.609116837282166,140.0,1999_7,,0.4410435495508446,1.0,0.6087304846855912,VERY HIGH
Arakhia,396538,21,2,9,21,41.23314834331265,140.0,1999_7,,0.43805283082476604,1.0,0.6066369815773363,VERY HIGH
Angulai,396518,21,2,9,21,43.01855465382147,140.0,1999_7,,0.4490580337826421,1.0,0.6143406236478495,VERY HIGH
Manitiri,397051,20,1,10,20,37.65706220450552,140.0,1999_7,,0.4055848406060306,1.0,0.5839093884242215,HIGH
Balia,396547,20,1,9,20,38.36915047538611,140.0,1999_7,,0.41283546491951467,1.0,0.5889848254436603,HIGH
Nembara,396546,20,1,9,20,38.97600688546886,140.0,1999_7,,0.41863685889500835,1.0,0.5930458012265059,HIGH
Panchanpur,396515,21,3,9,21,42.50850795339913,140.0,1999_7,,0.4588153301383891,1.0,0.6211707310968724,VERY HIGH
Anko,396785,23,2,10,23,47.49320983248591,140.0,1999_7,,0.4458683888687418,1.0,0.6121078722081192,VERY HIGH
Niladripur,396523,21,3,9,21,41.65057708063027,140.0,1999_7,,0.4514774495876138,1.0,0.6160342147113296,VERY HIGH
Jaganathpur,397094,20,1,12,20,39.20882708446149,140.0,1999_7,,0.3909757954372489,1.0,0.5736830568060742,MODERATE
Narendrapur,396543,20,1,9,20,39.59543387161435,140.0,1999_7,,0.42889420914502063,1.0,0.6002259464015144,VERY HIGH
Kulapada,396534,20,1,9,20,39.499386500984954,140.0,1999_7,,0.43340832111880767,1.0,0.6033858247831654,VERY HIGH
Garajanga Palli,396784,21,2,10,21,46.81420852168679,140.0,1999_7,,0.4502245092183354,1.0,0.6151571564528348,VERY HIGH
Nuagan,396520,21,2,9,21,41.49686788896084,140.0,1999_7,,0.44665443559182033,1.0,0.6126581049142742,VERY HIGH
Chadeiguan,397091,20,1,11,20,38.86986570141605,140.0,1999_7,,0.378285399954708,1.0,0.5647997799682956,MODERATE
Gaudabadpur,397092,20,1,12,20,39.52896024506048,140.0,1999_7,,0.3833076200271053,1.0,0.5683153340189737,MODERATE
Goja Bandha,397102,20,1,12,20,39.746777275910055,140.0,1999_7,,0.407196301083563,1.0,0.585037410758494,HIGH
Jalakana,397089,20,1,11,20,37.59529842358139,140.0,1999_7,,0.3808077858723627,1.0,0.5665654501106538,MODERATE
Maha Kala Para,397088,20,1,11,20,38.263184853148005,140.0,1999_7,,0.38347003028108206,1.0,0.5684290211967574,MODERATE
Samantsingharpur,396927,20,1,12,20,40.17421846868885,140.0,1999_7,,0.40156395061735184,1.0,0.5810947654321463,HIGH
Teragan,396926,21,1,12,21,40.94227170597539,140.0,1999_7,,0.3982598027695818,1.0,0.5787818619387073,HIGH
Nantar,397082,20,2,14,20,34.47604804928696,140.0,1999_7,,0.38544690915949853,1.0,0.5698128364116489,MODERATE
Aitipur,397044,20,1,11,20,35.23263666021201,140.0,1999_7,,0.37287363165986726,1.0,0.5610115421619071,MODERATE
Balia,396986,20,2,11,20,31.06391287250423,140.0,1999_7,,0.35519351326871546,1.0,0.5486354592881008,LOW
Janra,397064,20,2,11,20,35.577017698178494,140.0,1999_7,,0.3837092062673824,1.0,0.5685964443871676,MODERATE
Itakandia,396989,20,2,12,20,29.783857769757027,140.0,1999_7,,0.348314721390962,1.0,0.5438203049736734,LOW
Bada Rahama,396990,20,2,12,20,28.45013242523364,140.0,1999_7,,0.34231329348545453,1.0,0.5396193054398182,LOW
Mangalapur,397086,20,1,12,20,37.7782646816257,140.0,1999_7,,0.390285645480718,1.0,0.5731999518365025,MODERATE
Gamha,397087,20,1,11,20,37.500298648205685,140.0,1999_7,,0.3850769514488558,1.0,0.569553866014199,MODERATE
Gopalpur,397090,20,1,11,20,39.348716362564545,140.0,1999_7,,0.38265034822852106,1.0,0.5678552437599647,MODERATE
Balana,396904,21,1,11,21,39.81327598149481,140.0,1999_7,,0.3910060937301505,1.0,0.5737042656111053,MODERATE
Orata,397046,20,1,11,20,35.232524189428496,140.0,1999_7,,0.3820365805639969,1.0,0.5674256063947978,MODERATE
Raigada,397065,20,2,12,20,34.42101894969821,140.0,1999_7,,0.3801985736956462,1.0,0.5661390015869523,MODERATE
Ostara,396934,21,1,11,21,42.51454196456062,140.0,1999_7,,0.3980484976915095,1.0,0.5786339483840566,HIGH
Sarumunhi,397113,21,2,15,21,37.78927288644598,140.0,1999_7,,0.4119617965791239,1.0,0.5883732576053867,HIGH
Chhatar,396988,20,2,11,20,30.259634937380273,140.0,1999_7,,0.34859160016433466,1.0,0.5440141201150342,LOW
Mahula Kandha,397099,21,1,15,21,37.73500885503502,140.0,1999_7,,0.4040568890155396,1.0,0.5828398223108777,HIGH
Bachhuria,397109,21,2,15,21,38.30780861979894,140.0,1999_7,,0.41033568954384997,1.0,0.587234982680695,HIGH
Jemadeipur,397084,20,2,13,20,36.30793395789012,140.0,1999_7,,0.3943766543175435,1.0,0.5760636580222804,MODERATE
Kiar Banka,397063,20,1,11,20,36.116708747952195,140.0,1999_7,,0.37822192536135585,1.0,0.564755347752949,MODERATE
Pareswar Pur,397083,20,2,14,20,35.18050959578442,140.0,1999_7,,0.39144420229397503,1.0,0.5740109416057825,MODERATE
Sahabaj Pur,397062,20,1,11,20,35.29457342175323,140.0,1999_7,,0.36896928054594835,1.0,0.5582784963821639,LOW
Maliancha,397030,20,2,11,20,33.2684046577428,140.0,1999_7,,0.37095074349757357,1.0,0.5596655204483014,LOW
Babakar Pur,397055,20,1,11,20,37.779306924417384,140.0,1999_7,,0.38900470503327583,1.0,0.572303293523293,MODERATE
Ramakani,397060,20,1,11,20,35.62048898890234,140.0,1999_7,,0.3670090762149372,1.0,0.556906353350456,LOW
Barakandha,397106,21,1,12,21,39.61789856507519,140.0,1999_7,,0.41270139531635985,1.0,0.5888909767214519,HIGH
Kochila,397115,21,2,15,21,38.64169009837133,140.0,1999_7,,0.41617384903790083,1.0,0.5913216943265305,HIGH
Ghantia Palli,397040,20,2,11,20,33.08706656266828,140.0,1999_7,,0.3646755130180193,1.0,0.5552728591126135,LOW
Bandhapara,397101,20,1,12,20,39.133008909717866,140.0,1999_7,,0.4064094074235383,1.0,0.5844865851964768,HIGH
Gokhapada,396925,21,1,11,21,42.767651213560455,140.0,1999_7,,0.39443046225839556,1.0,0.5761013235808768,MODERATE
Sankhapada,397038,20,2,11,20,34.0615278956622,140.0,1999_7,,0.361193212085003,1.0,0.552835248459502,LOW
Mulubasanta,396984,20,2,11,20,30.375976387146984,140.0,1999_7,,0.3580828779914905,1.0,0.5506580145940434,LOW
Bijayanagar,397034,20,2,11,20,33.76740620477462,140.0,1999_7,,0.367419863355931,1.0,0.5571939043491516,LOW
Kalapara,397041,20,2,11,20,33.34309626606597,140.0,1999_7,,0.367797591287082,1.0,0.5574583139009575,LOW
Anduli,397042,20,1,11,20,34.29969192019175,140.0,1999_7,,0.37569857299976656,1.0,0.5629890010998366,MODERATE
Bilipada,397048,20,1,11,20,36.73696654166673,140.0,1999_7,,0.39394559863739054,1.0,0.5757619190461734,MODERATE
Sri Chandan Pur,397037,20,2,11,20,32.91010092870649,140.0,1999_7,,0.35793809444490254,1.0,0.5505566661114318,LOW
Palaspur,396905,21,1,10,21,40.68001898802923,140.0,1999_7,,0.3938236968943355,1.0,0.5756765878260348,MODERATE
Tithi,397085,20,1,11,20,36.3529633649545,140.0,1999_7,,0.3880895950436163,1.0,0.5716627165305314,MODERATE
Deula Pada,397058,20,1,11,20,36.394840233094754,140.0,1999_7,,0.3750309047706657,1.0,0.562521633339466,MODERATE
Rajagada,397054,20,1,10,20,39.02701165022538,140.0,1999_7,,0.3993783951674986,1.0,0.579564876617249,HIGH
Jagati,397066,20,2,12,20,33.15940279812854,140.0,1999_7,,0.37700700232217565,1.0,0.5639049016255229,MODERATE
Ranki,397032,20,2,12,20,31.612700387813724,140.0,1999_7,,0.36313356128121893,1.0,0.5541934928968533,LOW
Sikhar,397093,20,1,11,20,38.62366031298624,140.0,1999_7,,0.38151496731338846,1.0,0.5670604771193719,MODERATE
Dadhipur,397097,20,1,12,20,38.40519017940089,140.0,1999_7,,0.39771076137638545,1.0,0.5783975329634699,HIGH
Adoi,397110,21,2,15,21,36.92620222767546,140.0,1999_7,,0.40329348753611954,1.0,0.5823054412752837,HIGH
Karanja,396924,21,1,12,21,40.67435573275371,140.0,1999_7,,0.38882076701535345,1.0,0.5721745369107474,MODERATE
Dasi Pur,396902,21,1,10,21,40.48384632756384,140.0,1999_7,,0.4005638618705534,1.0,0.5803947033093872,HIGH
Adam Pur,396903,20,1,11,20,38.79554593890591,140.0,1999_7,,0.3878024550529825,1.0,0.5714617185370877,MODERATE
Chandia Palli,397061,20,1,11,20,36.950038627394214,140.0,1999_7,,0.37521347534766925,1.0,0.5626494327433684,MODERATE
Amirabad,397059,20,1,11,20,37.08432765534813,140.0,1999_7,,0.37251926601944546,1.0,0.5607634862136117,LOW
Badadihi,397026,20,2,12,20,30.025825561038292,140.0,1999_7,,0.3535296202806684,1.0,0.5474707341964679,LOW
Kanpur,397031,20,2,11,20,32.772224249022265,140.0,1999_7,,0.367097113229754,1.0,0.5569679792608278,LOW
Dia Rajagarh,397056,20,1,11,20,37.37256144088283,140.0,1999_7,,0.39213413601619024,1.0,0.5744938952113332,MODERATE
Oliha,397045,20,1,11,20,35.9355776108199,140.0,1999_7,,0.3798026016506344,1.0,0.565861821155444,MODERATE
Olihanilakanthapur,397057,20,1,11,20,36.85563015134317,140.0,1999_7,,0.3849531534154152,1.0,0.5694672073907906,MODERATE
Balipal,397039,20,1,11,20,34.569400528924035,140.0,1999_7,,0.3677141561372147,1.0,0.5573999092960502,LOW
Arada,397033,20,2,11,20,32.26550448493877,140.0,1999_7,,0.36325452235115724,1.0,0.55427816564581,LOW
Benupal,396922,21,1,11,21,41.83756152549811,140.0,1999_7,,0.3940072396595471,1.0,0.5758050677616829,MODERATE
Ekalapur,397027,20,2,12,20,31.285393935394186,140.0,1999_7,,0.3645060962348153,1.0,0.5551542673643707,LOW
Nachhi Pada,397049,20,1,11,20,37.36506046440494,140.0,1999_7,,0.3983610929732604,1.0,0.5788527650812823,HIGH
Basaghar,397043,20,1,11,20,34.32555338634191,140.0,1999_7,,0.3721413766856753,1.0,0.5604989636799727,LOW
Sahoo Pada,396985,20,2,11,20,30.55259066674784,140.0,1999_7,,0.3556790756767693,1.0,0.5489753529737385,LOW
Batakuli,397096,20,1,12,20,38.56972479704352,140.0,1999_7,,0.4002612434114766,1.0,0.5801828703880336,HIGH
Potakani,397108,21,1,15,21,38.89500127101365,140.0,1999_7,,0.4131453306458341,1.0,0.5892017314520839,HIGH
Niyamatpur,397050,20,1,10,20,37.35997572394999,140.0,1999_7,,0.40174091148543495,1.0,0.5812186380398044,HIGH
Dahimachha,396921,21,1,11,21,42.71558741879894,140.0,1999_7,,0.3937246028097766,1.0,0.5756072219668436,MODERATE
Rama Chandra Pur,396987,20,2,11,20,30.341461209225567,140.0,1999_7,,0.347651804753311,1.0,0.5433562633273177,LOW
Jasuapalli,397036,20,2,11,20,32.46748058238901,140.0,1999_7,,0.36167352986617135,1.0,0.5531714709063199,LOW
Potia,397035,20,2,11,20,31.58136529334586,140.0,1999_7,,0.35253133404065695,1.0,0.5467719338284598,LOW
Alailo,397047,20,1,11,20,35.55844537900299,140.0,1999_7,,0.38917690914112346,1.0,0.5724238363987864,MODERATE
Baulapara,397095,20,1,12,20,38.544416533966846,140.0,1999_7,,0.3937689086535632,1.0,0.5756382360574942,MODERATE
Gobardhanpur,396923,21,1,11,21,41.2146692324223,140.0,1999_7,,0.3906153171696926,1.0,0.5734307220187849,MODERATE
Kumbharapara,397098,20,1,12,20,37.32790490446999,140.0,1999_7,,0.3957543972736766,1.0,0.5770280780915735,MODERATE
Marichakani,397100,20,1,12,20,38.41709345231815,140.0,1999_7,,0.404409458311945,1.0,0.5830866208183615,HIGH
Baradia,395618,20,4,11,20,6.557703828609808,140.0,1984_4,,0.4162162939241283,1.0,0.5913514057468898,HIGH
Kusiapal,397069,20,2,14,20,30.27300153849825,140.0,1999_7,,0.3654529604743658,1.0,0.5558170723320561,LOW
Balisahipatna,395912,20,3,11,20,11.931365016813597,140.0,1984_4,,0.3805600725084401,1.0,0.566392050755908,MODERATE
Baulakani,397112,21,2,15,21,35.127578808602124,140.0,1999_7,,0.4017111567948981,1.0,0.5811978097564287,HIGH
Petchhela,396058,21,2,15,21,36.832621679896384,140.0,1999_7,,0.4128899547502377,1.0,0.5890229683251664,HIGH
Tanki Belari,397078,21,2,14,21,34.38795244168011,140.0,1999_7,,0.39311895159334387,1.0,0.5751832661153407,MODERATE
Narasingha Pur,397015,20,2,14,20,23.46264739114737,140.0,1999_7,,0.34045217369014774,1.0,0.5383165215831034,LOW
Maladhia,397081,21,2,14,21,34.63024002175806,140.0,1999_7,,0.3913644020501243,1.0,0.573955081435087,MODERATE
Babara,396992,20,2,12,20,27.83401912069599,140.0,1999_7,,0.34398688237808034,1.0,0.5407908176646562,LOW
Pancha Gachhia,397018,21,2,14,21,29.21880881232269,140.0,1999_7,,0.36799959472554294,1.0,0.5575997163078801,LOW
Kakat Pur,396993,20,2,12,20,28.391153195326815,140.0,1999_7,,0.3493163651978183,1.0,0.5445214556384728,LOW
Jamboo,396057,21,2,14,21,31.03850183022621,140.0,1999_7,,0.3864151587984844,1.0,0.5704906111589391,MODERATE
Sugal,397021,20,2,14,20,28.57402332310345,140.0,1999_7,,0.3601270364543153,1.0,0.5520889255180207,LOW
Bhitarsubala,397079,21,2,14,21,33.53273558633703,140.0,1999_7,,0.38914515225857904,1.0,0.5724016065810054,MODERATE
Maladhia,397004,21,2,14,21,24.23936515833004,140.0,1999_7,,0.3444043168042863,1.0,0.5410830217630004,LOW
Badatota Chhapali,397077,21,2,14,21,32.85388822517897,140.0,1999_7,,0.38957650125822957,1.0,0.5727035508807607,MODERATE
Bara Danga,397067,20,2,14,20,32.323630651804194,140.0,1999_7,,0.37663903886268796,1.0,0.5636473272038816,MODERATE
Kalatunga,396995,20,2,14,20,27.07556847116971,140.0,1999_7,,0.350527701628589,1.0,0.5453693911400123,LOW
Pankapal,397073,21,2,14,21,31.634404606682516,140.0,1999_7,,0.37908266286308906,1.0,0.5653578640041623,MODERATE
Baliganda Ratanpur,396997,20,2,12,20,25.912170222527205,140.0,1999_7,,0.34046673238817055,1.0,0.5383267126717194,LOW
Radia,397028,20,2,14,20,30.59022102558875,140.0,1999_7,,0.3657930342539523,1.0,0.5560551239777666,LOW
Kharianta,397023,20,2,14,20,29.46200084979419,140.0,1999_7,,0.3612856763270887,1.0,0.5528999734289621,LOW
Bhateni,397075,21,2,14,21,31.59818240628981,140.0,1999_7,,0.3864589207534728,1.0,0.570521244527431,MODERATE
Badamatha,397080,20,2,14,20,32.68985855347658,140.0,1999_7,,0.3816589662804333,1.0,0.5671612763963032,MODERATE
Bagagahan,397074,21,2,14,21,31.134058376530053,140.0,1999_7,,0.38001240748453935,1.0,0.5660086852391775,MODERATE
Kansapal,397076,21,2,14,21,32.166715440425165,140.0,1999_7,,0.38757820206209054,1.0,0.5713047414434633,MODERATE
Kansara,397071,20,2,14,20,30.922826702484883,140.0,1999_7,,0.37303269255567384,1.0,0.5611228847889717,MODERATE
Badadandua,397072,21,2,14,21,30.27098757072848,140.0,1999_7,,0.3732196735514031,1.0,0.5612537714859822,MODERATE
Bala Bhadrapur,397068,20,2,14,20,31.36561304639249,140.0,1999_7,,0.37268421633739135,1.0,0.560878951436174,LOW
Guludia,397022,20,2,14,20,28.370179073665458,140.0,1999_7,,0.3551096980437864,1.0,0.5485767886306505,LOW
Sana Rahama,396991,20,2,12,20,28.036908493290994,140.0,1999_7,,0.3425791556239817,1.0,0.5398054089367872,LOW
Bahar Subala,397029,20,2,12,20,31.75468687390001,140.0,1999_7,,0.37001472675794916,1.0,0.5590103087305645,LOW
Bhuinpada,397002,20,2,14,20,25.4652085418969,140.0,1999_7,,0.3471275635287522,1.0,0.5429892944701264,LOW
Badapal,397020,20,2,14,20,29.386129523634075,140.0,1999_7,,0.3656871190443245,1.0,0.5559809833310272,LOW
Sankachit,397003,20,2,14,20,24.63918209267669,140.0,1999_7,,0.344224188814424,1.0,0.5409569321700968,LOW
Tarapada,397070,20,2,14,20,29.78999708044098,140.0,1999_7,,0.3653804625435403,1.0,0.5557663237804782,LOW
Kandara Patia,396056,21,2,14,21,27.465904173887484,140.0,1999_7,,0.36421582418471743,1.0,0.5549510769293022,LOW
Nalitapatia,395760,20,4,11,20,6.7463374061438754,140.0,1984_4,,0.4149098092483814,1.0,0.590436866473867,HIGH
Kantilo,397019,21,2,14,21,28.74296345812953,140.0,1999_7,,0.36474550665232236,1.0,0.5553218546566256,LOW
Bada Baincha,397024,20,2,12,20,29.70259065849207,140.0,1999_7,,0.3587356542680353,1.0,0.5511149579876247,LOW
Kholanai,397025,20,2,12,20,29.576505543070013,140.0,1999_7,,0.3553519706292411,1.0,0.5487463794404688,LOW
Kiabaria,397111,21,2,15,21,36.486385741454974,140.0,1999_7,,0.4040593949236304,1.0,0.5828415764465413,HIGH
Gogua,396996,20,2,12,20,26.916412883771745,140.0,1999_7,,0.3429880582572007,1.0,0.5400916407800405,LOW
Panikhia,397000,20,2,14,20,25.234369792994137,140.0,1999_7,,0.343023377175368,1.0,0.5401163640227575,LOW
Bandha Para,396994,20,2,12,20,28.116399917272297,140.0,1999_7,,0.3499758148198123,1.0,0.5449830703738686,LOW
Baligarh,397131,21,5,15,21,35.38988623246951,140.0,1999_7,,0.4180804693095622,1.0,0.5926563285166935,HIGH
Hariabanka,397129,21,2,15,21,36.1353931183277,140.0,1999_7,,0.41867033368757783,1.0,0.5930692335813045,HIGH
Suniti Bena Kandha,397017,21,2,14,21,27.881621188748174,140.0,1999_7,,0.36351690495556577,1.0,0.554461833468896,LOW
Bana Pada,397016,21,2,14,21,24.51843436481905,140.0,1999_7,,0.34796705209955237,1.0,0.5435769364696866,LOW
Khamarsahi,395761,20,4,11,20,7.161845559365193,140.0,1984_4,,0.4120464285321304,1.0,0.5884324999724913,HIGH
Gobardhanpur,396025,20,2,14,20,18.75633068136807,140.0,1984_4,,0.3396428468000881,1.0,0.5377499927600616,LOW
Koilipur,396042,20,2,14,20,20.032841304673557,140.0,1984_4,,0.33249320967498097,1.0,0.5327452467724867,LOW
Rata Panga,397014,20,2,14,20,22.54217827364598,140.0,1999_7,,0.33563139675723697,1.0,0.5349419777300659,LOW
Bhatapara,395943,20,3,11,20,15.471183433163283,140.0,1984_4,,0.35875764216501765,1.0,0.5511303495155123,LOW
Maliabuda,395949,20,2,11,20,13.905699675984833,140.0,1984_4,,0.3682413129595088,1.0,0.5577689190716562,LOW
Jayapur,396024,20,2,14,20,17.990524911948704,140.0,1984_4,,0.3440056371842536,1.0,0.5408039460289775,LOW
Tarapada,395997,20,2,13,20,15.933306388090688,140.0,1984_4,,0.3560050869019242,1.0,0.5492035608313469,LOW
Badkota,396005,20,2,14,20,18.520686646825542,140.0,1984_4,,0.340979383151016,1.0,0.5386855682057112,LOW
Taradeipur,396040,20,2,14,20,21.908370182139524,140.0,1999_7,,0.32939860284094313,1.0,0.5305790219886601,LOW
Doligan,396998,20,2,14,20,25.34608246777988,140.0,1999_7,,0.3398061571178692,1.0,0.5378643099825084,LOW
Isani Palla,396032,20,2,14,20,22.732371623698523,140.0,1999_7,,0.3275505627455221,1.0,0.5292853939218655,LOW
Tetelenga,396027,20,2,14,20,19.532985938831235,140.0,1984_4,,0.3352747552574794,1.0,0.5346923286802355,LOW
Balarampur,396009,20,2,13,20,16.27789139523724,140.0,1984_4,,0.35396637981437634,1.0,0.5477764658700635,LOW
Praharajpur,396043,20,2,14,20,19.331970396672485,140.0,1984_4,,0.33639989624028493,1.0,0.5354799273681994,LOW
Arakhadiha,396006,20,2,14,20,17.83604002303859,140.0,1984_4,,0.34489250630403456,1.0,0.5414247544128241,LOW
Mangalpur,395909,20,3,11,20,11.505123727716041,140.0,1984_4,,0.38327320510566576,1.0,0.568291243573966,MODERATE
Garjang,397001,20,2,14,20,23.893293750385343,140.0,1999_7,,0.33701881749436585,1.0,0.5359131722460561,LOW
Odiasala,397012,21,2,14,21,22.787742463730233,140.0,1999_7,,0.33860312422475075,1.0,0.5370221869573255,LOW
Basantpur,396037,20,2,14,20,22.797551888281237,140.0,1999_7,,0.3323401707084913,1.0,0.5326381194959439,LOW
Inkiria,396038,20,2,14,20,22.078343774625402,140.0,1999_7,,0.32971971100682645,1.0,0.5308037977047785,LOW
Gankalu Para,396030,20,2,14,20,21.560868251181848,140.0,1999_7,,0.32468115308206147,1.0,0.527276807157443,LOW
Duttapur,396041,20,2,14,20,20.78894235635132,140.0,1984_4,,0.32832952506917107,1.0,0.5298306675484197,LOW
Kani,395950,20,2,11,20,13.564904590257623,140.0,1984_4,,0.37033884472166845,1.0,0.5592371913051679,LOW
Madhyapara,395939,20,3,11,20,16.137306124789017,140.0,1984_4,,0.35479672654274635,1.0,0.5483577085799224,LOW
Bandhapara,395938,20,3,12,20,17.111626976175934,140.0,1984_4,,0.3490818225643865,1.0,0.5443572757950705,LOW
Rajagarh,395948,20,3,11,20,12.912639717189492,140.0,1984_4,,0.3743867912931308,1.0,0.5620707539051915,MODERATE
Kusailo,395941,20,3,11,20,14.615998970185517,140.0,1984_4,,0.3639076561049267,1.0,0.5547353592734487,LOW
Badolara,395942,20,3,11,20,13.950815476361793,140.0,1984_4,,0.3679645253422403,1.0,0.5575751677395682,LOW
Nanjura,396999,20,2,14,20,24.70146736570438,140.0,1999_7,,0.33893898819507706,1.0,0.5372572917365539,LOW
Dhaneswarpur,396004,20,2,14,20,17.508958684869697,140.0,1984_4,,0.34677777197020304,1.0,0.5427444403791422,LOW
Baragudidanda,395946,20,2,11,20,14.062600581511909,140.0,1984_4,,0.3672796143448063,1.0,0.5570957300413644,LOW
Nurugan,395944,20,3,12,20,16.59774012530337,140.0,1984_4,,0.3520844720349253,1.0,0.5464591304244477,LOW
Barhapur,396039,20,2,14,20,21.12264353213469,140.0,1984_4,,0.32650852786139095,1.0,0.5285559695029737,LOW
Sanora,395999,20,2,12,20,15.714849621588549,140.0,1984_4,,0.3573036447927627,1.0,0.5501125513549339,LOW
Kanhua,395994,20,2,13,20,14.225968811509063,140.0,1984_4,,0.3662809442113976,1.0,0.5563966609479782,LOW
Benudharpur,395951,20,2,13,20,13.124442304519034,140.0,1984_4,,0.3730675196883025,1.0,0.5611472637818118,MODERATE
Kiajori,395945,20,3,11,20,14.871498026310862,140.0,1984_4,,0.36236131646673214,1.0,0.5536529215267125,LOW
Bhopal,397005,20,2,14,20,22.759681855489667,140.0,1999_7,,0.3342194498075904,1.0,0.5339536148653132,LOW
Mundatala Sahara Kani,397013,21,2,14,21,22.039830045796503,140.0,1999_7,,0.33399032443240023,1.0,0.5337932271026802,LOW
Santhapada,395933,20,3,11,20,16.4616660922983,140.0,1984_4,,0.35288387073847555,1.0,0.5470187095169329,LOW
Tangataila,395932,20,3,12,20,17.79095236121221,140.0,1984_4,,0.34515177698591887,1.0,0.5416062438901432,LOW
Badpalli,396033,20,2,12,20,23.56304133273306,140.0,1999_7,,0.33021780751343777,1.0,0.5311524652594064,LOW
Badmaricha Palli,396035,20,2,14,20,23.370459604730566,140.0,1999_7,,0.33247097122157093,1.0,0.5327296798550996,LOW
Katakana,395931,20,3,11,20,16.188683355140835,140.0,1984_4,,0.35449304869323106,1.0,0.5481451340852617,LOW
Barunipalla,396036,20,2,14,20,22.348069746288495,140.0,1999_7,,0.3278381506279014,1.0,0.5294867054395309,LOW
Sasana,397007,20,2,14,20,21.205330046250317,140.0,1999_7,,0.3286580955570965,1.0,0.5300606668899676,LOW
Tantiapal,396055,20,2,14,20,21.378670714486827,140.0,1999_7,,0.3279371654858328,1.0,0.5295560158400829,LOW
Bilakalupara,396029,20,2,14,20,20.957764569970227,140.0,1984_4,,0.3274070015779724,1.0,0.5291849011045806,LOW
Kankdia,396028,20,2,14,20,20.223424069443798,140.0,1984_4,,0.3314387606405254,1.0,0.5320071324483677,LOW
Badpal,396034,20,2,14,20,23.85673119293982,140.0,1999_7,,0.3326488200893638,1.0,0.5328541740625546,LOW
Mangarajpur,396007,20,2,14,20,17.11225438992648,140.0,1984_4,,0.34907817227121285,1.0,0.5443547205898489,LOW
Rajnagar,395998,20,2,12,20,16.186612655843565,140.0,1984_4,,0.354505283046124,1.0,0.5481536981322868,LOW
Chakibanka,395936,20,3,12,20,19.503960699151058,140.0,1984_4,,0.33543698499612545,1.0,0.5348058894972878,LOW
Guludia,395996,20,2,12,20,16.518735981712823,140.0,1984_4,,0.35254837959280383,1.0,0.5467838657149626,LOW
Baghua,395993,20,2,13,20,15.252776067787346,140.0,1984_4,,0.36006594376682655,1.0,0.5520461606367786,LOW
Garjanpur,396001,20,2,12,20,16.931252221040246,140.0,1984_4,,0.3501328273667525,1.0,0.5450929791567267,LOW
Firikidandi,395937,20,3,12,20,17.75233555676064,140.0,1984_4,,0.3453739928000863,1.0,0.5417617949600604,LOW
Sanabadagopalpur,396000,20,2,12,20,16.306724372495793,140.0,1984_4,,0.3537963222685355,1.0,0.5476574255879748,LOW
Mahinsasur,395995,20,2,13,20,14.952183338619253,140.0,1984_4,,0.36187435669449985,1.0,0.5533120496861499,LOW
Jharpada,395908,20,3,11,20,11.285889561403522,140.0,1984_4,,0.3846762097925842,1.0,0.5692733468548089,MODERATE
Khandeipara,395940,20,3,12,20,16.15411651231786,140.0,1984_4,,0.35469733595889597,1.0,0.5482881351712272,LOW
Baghataila,395952,20,2,11,20,12.356785253459835,140.0,1984_4,,0.3778713165974452,1.0,0.5645099216182117,MODERATE
Govindpur,395934,20,3,11,20,16.286494678373796,140.0,1984_4,,0.3539156289032277,1.0,0.5477409402322594,LOW
Dhandia,395947,20,3,11,20,13.318258204694962,140.0,1984_4,,0.37186435704901705,1.0,0.5603050499343118,LOW
Kshirkot,396026,20,2,14,20,18.764298922560943,140.0,1984_4,,0.3395977438597014,1.0,0.5377184207017909,LOW
Jagannathapur,396002,20,2,12,20,17.78531626280381,140.0,1984_4,,0.3451842003317535,1.0,0.5416289402322274,LOW
Sukdevpur,396008,20,2,14,20,16.413465677535356,140.0,1984_4,,0.3531674704523014,1.0,0.547217229316611,LOW
Tamulia,397008,20,2,14,20,20.483367729109908,140.0,1984_4,,0.33000594324003474,1.0,0.5310041602680243,LOW
Tamulia,396003,20,2,12,20,17.714511003354946,140.0,1984_4,,0.3455917883936423,1.0,0.5419142518755495,LOW
Dakhinadandi,395935,20,3,12,20,17.642921807595847,140.0,1984_4,,0.34600437845615195,1.0,0.5422030649193064,LOW
Singar Pur,397006,20,2,14,20,20.594900654789548,140.0,1984_4,,0.3293930709061968,1.0,0.5305751496343377,LOW
Keradasahi,396031,20,2,14,20,22.125104573196865,140.0,1999_7,,0.32513587556847157,1.0,0.52759511289793,LOW
Padini,395911,20,3,11,20,12.651939092990883,140.0,1984_4,,0.3760170449659341,1.0,0.5632119314761539,MODERATE
Chandrasekhar,395964,20,2,13,20,11.896366100044546,140.0,1984_4,,0.3807821237701466,1.0,0.5665474866391026,MODERATE
Junapangara,395970,20,2,13,20,12.298239849229434,140.0,1984_4,,0.3782402070247912,1.0,0.5647681449173538,MODERATE
Bindhanaukana,396044,20,2,14,20,18.49487342928699,140.0,1984_4,,0.3411261109612842,1.0,0.5387882776728989,LOW
Gopalpur,395885,20,2,13,20,10.693711456515182,140.0,1984_4,,0.38849162099443124,1.0,0.5719441346961018,MODERATE
Baro,397010,21,2,14,21,21.361018273761058,140.0,1999_7,,0.33127263185017936,1.0,0.5318908422951255,LOW
Khandiora,395981,20,2,13,20,13.122131177000364,140.0,1984_4,,0.3730818900752503,1.0,0.5611573230526752,MODERATE
Junapanga,396019,20,2,13,20,16.673709105978038,140.0,1984_4,,0.35163896249445903,1.0,0.5461472737461213,LOW
Chakradharpur,396010,20,2,13,20,15.887916505054909,140.0,1984_4,,0.3562745059508117,1.0,0.5493921541655682,LOW
Nathapur,395961,20,2,13,20,12.595731578649435,140.0,1984_4,,0.3763694597339383,1.0,0.5634586218137567,MODERATE
Nodhabasanta,395962,20,2,13,20,12.62709340483172,140.0,1984_4,,0.3761727839130821,1.0,0.5633209487391575,MODERATE
Badanaukana,396023,20,2,14,20,17.748269223114157,140.0,1984_4,,0.34539740035806094,1.0,0.5417781802506426,LOW
Manapara,395956,20,2,13,20,12.95222589358693,140.0,1984_4,,0.37413986373372066,1.0,0.5618979046136044,MODERATE
Bandhapur,396051,20,2,14,20,17.655010823056866,140.0,1984_4,,0.3459346712741355,1.0,0.5421542698918949,LOW
Endulapur,395986,20,2,13,20,14.999977210810306,140.0,1984_4,,0.36158621519216894,1.0,0.5531103506345183,LOW
Sendhakani,395968,20,2,13,20,11.230657871759563,140.0,1984_4,,0.3850304781084264,1.0,0.5695213346758985,MODERATE
Hatiagadi,395954,20,2,11,20,11.57214979550466,140.0,1984_4,,0.3828452892323692,1.0,0.5679917024626584,MODERATE
Kanafulia,395977,20,2,13,20,11.743539718443856,140.0,1984_4,,0.38175325259855103,1.0,0.5672272768189857,MODERATE
Jhinkiria,395958,20,2,13,20,12.096256748667345,140.0,1984_4,,0.37951565480730154,1.0,0.5656609583651111,MODERATE
Badhi,395972,20,2,13,20,12.116920134036205,140.0,1984_4,,0.37938497600699983,1.0,0.5655694832048999,MODERATE
Prasanpur,396013,20,2,13,20,16.199400441772717,140.0,1984_4,,0.3544297354692895,1.0,0.5481008148285027,LOW
Brahmansahi,396022,20,2,13,20,17.01505942802935,140.0,1984_4,,0.34964410785907174,1.0,0.5447508755013502,LOW
Kandhamara,396012,20,2,13,20,15.581230842465052,140.0,1984_4,,0.35810023941010255,1.0,0.5506701675870718,LOW
Penth,396021,20,2,13,20,16.682043722804963,140.0,1984_4,,0.35159011962002945,1.0,0.5461130837340206,LOW
Gokhani,395971,20,2,13,20,13.1988340561497,140.0,1984_4,,0.3726052538827773,1.0,0.5608236777179441,LOW
Chinchiri,395982,20,2,13,20,13.251041308086858,140.0,1984_4,,0.3722811832874744,1.0,0.560596828301232,LOW
Paripangara,395963,20,2,13,20,13.149048139325995,140.0,1984_4,,0.37291455709252774,1.0,0.5610401899647695,MODERATE
Narangarh,395884,20,2,13,20,11.246986461566692,140.0,1984_4,,0.3849257089528398,1.0,0.5694479962669878,MODERATE
Kanakapur,395978,20,2,13,20,11.751169090588196,140.0,1984_4,,0.38170471339079065,1.0,0.5671932993735535,MODERATE
Bahargarh,395898,20,2,13,20,10.4941221534231,140.0,1984_4,,0.38978608567649176,1.0,0.5728502599735442,MODERATE
Velsari,396047,20,2,14,20,18.25552719615632,140.0,1984_4,,0.3424896162299363,1.0,0.5397427313609554,LOW
Joginatha,396074,20,2,14,20,20.110706923287008,140.0,1984_4,,0.33206199305247525,1.0,0.5324433951367327,LOW
Badkuji,395985,20,2,13,20,14.780249519075802,140.0,1984_4,,0.36291281787789637,1.0,0.5540389725145274,LOW
Gahmasikhar,395983,20,2,13,20,13.43955078321114,140.0,1984_4,,0.37111337659565014,1.0,0.559779363616955,LOW
Pokharia,395957,20,2,13,20,12.743045085915018,140.0,1984_4,,0.3754465214558428,1.0,0.5628125650190899,MODERATE
Mahulia,395953,20,2,13,20,12.247671892537866,140.0,1984_4,,0.3785591219700206,1.0,0.5649913853790144,MODERATE
Guhalkani,395959,20,2,13,20,11.333006110109093,140.0,1984_4,,0.3843742514454849,1.0,0.5690619760118394,MODERATE
Sundripal,396073,20,2,14,20,19.458694425863534,140.0,1984_4,,0.3356901468521252,1.0,0.5349831027964876,LOW
Kathapangara,395973,20,2,13,20,12.089313129822264,140.0,1984_4,,0.37955957754965436,1.0,0.565691704284758,MODERATE
Krishnapriyapur,395882,20,2,13,20,11.003074208785625,140.0,1984_4,,0.3864936954999692,1.0,0.5705455868499785,MODERATE
Lunia,396011,20,2,13,20,16.01703095036681,140.0,1984_4,,0.3555086605070158,1.0,0.548856062354911,LOW
Tiara,395992,20,2,13,20,14.531495662066659,140.0,1984_4,,0.36442054053691936,1.0,0.5550943783758435,LOW
Dhagua,395991,20,2,13,20,14.107068749409672,140.0,1984_4,,0.3670075109974707,1.0,0.5569052576982294,LOW
Bhadia,395901,20,2,13,20,11.010484777020048,140.0,1984_4,,0.3864459628160378,1.0,0.5705121739712264,MODERATE
Khamarsahi,395955,20,2,13,20,11.963248765026504,140.0,1984_4,,0.38035789820495675,1.0,0.5662505287434697,MODERATE
Kathuaganda,395979,20,2,13,20,12.355782534093983,140.0,1984_4,,0.3778776316316626,1.0,0.5645143421421638,MODERATE
Hatina,395988,20,2,13,20,14.516629959228078,140.0,1984_4,,0.3645108411807102,1.0,0.5551575888264971,LOW
Kaitha,395984,20,2,13,20,14.498610051854836,140.0,1984_4,,0.3646203318148899,1.0,0.5552342322704229,LOW
Dera,395987,20,2,13,20,13.813285884498184,140.0,1984_4,,0.3688089262399674,1.0,0.5581662483679772,LOW
Mugakani,395989,20,2,13,20,13.314601670723805,140.0,1984_4,,0.3718870199838118,1.0,0.5603209139886682,LOW
Pachimaveda,395960,20,2,13,20,11.261519309952956,140.0,1984_4,,0.3848324857938094,1.0,0.5693827400556666,MODERATE
Kurunti,395990,20,2,13,20,14.390092631530603,140.0,1984_4,,0.36528038949637504,1.0,0.5556962726474626,LOW
Chardia,395902,20,2,11,20,10.884091167846638,140.0,1984_4,,0.38726089253042256,1.0,0.5710826247712958,MODERATE
Nuagan,395980,20,2,13,20,12.655415688736628,140.0,1984_4,,0.37599525794283145,1.0,0.563196680559982,MODERATE
Maliparida,395965,20,2,13,20,11.096595379690191,140.0,1984_4,,0.3858917423673482,1.0,0.5701242196571437,MODERATE
Dhobeigarh,395974,20,2,13,20,11.145747467106894,140.0,1984_4,,0.38557574873866995,1.0,0.569903024117069,MODERATE
Nachhipara,395976,20,2,13,20,11.653806586432008,140.0,1984_4,,0.3823246116575608,1.0,0.5676272281602925,MODERATE
Gadadharpur,395890,20,2,13,20,10.472569192042654,140.0,1984_4,,0.38992612823527173,1.0,0.5729482897646903,MODERATE
Laxminarayanpur,395897,20,2,13,20,10.331692532426318,140.0,1984_4,,0.3908427287183497,1.0,0.5735899101028448,MODERATE
Paunsiapal,397011,21,2,14,21,22.090090349367983,140.0,1999_7,,0.3349061343197832,1.0,0.5344342940238482,LOW
Ambaora,395891,20,2,13,20,10.28280123468452,140.0,1984_4,,0.3911613386481612,1.0,0.5738129370537128,MODERATE
Kanhupur,396050,21,2,14,21,19.276421363344966,140.0,1984_4,,0.33671148527273537,1.0,0.5356980396909148,LOW
Nuapokhari,395969,20,2,13,20,12.111211125198464,140.0,1984_4,,0.3794210762607937,1.0,0.5655947533825556,MODERATE
Chittakolha,396014,20,2,13,20,15.783847827210094,140.0,1984_4,,0.3568929924510946,1.0,0.5498250947157662,LOW
Sankuji,396015,20,2,13,20,15.628960338333203,140.0,1984_4,,0.3578154869525905,1.0,0.5504708408668133,LOW
Bhatasahi,395967,20,2,13,20,11.513217743580364,140.0,1984_4,,0.3832215049362192,1.0,0.5682550534553534,MODERATE
Ogalasendha,395966,20,2,13,20,10.740075623499267,140.0,1984_4,,0.38819153544637225,1.0,0.5717340748124605,MODERATE
Chakulidiha,397009,21,2,14,21,20.83313188245605,140.0,1984_4,,0.3280878019916827,1.0,0.5296614613941779,LOW
Kadalichua,396046,20,2,14,20,20.047041198550204,140.0,1984_4,,0.33241452951422945,1.0,0.5326901706599606,LOW
Akarapara,396045,20,2,14,20,19.097894750333804,140.0,1984_4,,0.33771484326715084,1.0,0.5364003902870056,LOW
Charapada,395648,20,4,10,20,24.39010493896637,140.0,1982_2,,0.38359109005518666,1.0,0.5685137630386305,MODERATE
Kharakhara,396105,20,4,10,20,20.595474079709142,140.0,1982_2,,0.36243029624006384,1.0,0.5537012073680447,LOW
Ujanga,395652,20,4,10,20,18.143657880954546,140.0,1982_2,,0.36929710906646573,1.0,0.5585079763465259,LOW
Mirzapur,395709,20,4,10,20,17.09701419887524,140.0,1982_2,,0.3609618608531087,1.0,0.5526733025971761,LOW
Namatara,395649,20,4,10,20,21.913071286394022,140.0,1982_2,,0.38031976843388415,1.0,0.5662238379037189,MODERATE
Deulatara,395650,20,4,10,20,20.840504698873612,140.0,1982_2,,0.37983146700073506,1.0,0.5658820269005145,MODERATE
Muradpur,395651,20,4,10,20,20.011909094966303,140.0,1982_2,,0.3778844346576156,1.0,0.5645191042603309,MODERATE
Habalaganda,395711,20,4,10,20,18.463226381394442,140.0,1982_2,,0.3586014008483557,1.0,0.551020980593849,LOW
Gopinathapur,395643,20,4,10,20,23.493749612021816,140.0,1982_2,,0.4015356610480643,1.0,0.581074962733645,HIGH
Parinuapada,395712,20,4,10,20,16.558275012979266,140.0,1982_2,,0.355068692748974,1.0,0.5485480849242818,LOW
Bharigada,395705,20,4,11,20,12.23348401901482,140.0,1984_4,,0.37864864837023887,1.0,0.5650540538591672,MODERATE
Dakhinaveda,395907,20,3,11,20,10.500161326998175,140.0,1984_4,,0.3897468545537454,1.0,0.5728227981876217,MODERATE
Abdulpur,395647,20,4,10,20,24.27937362080594,140.0,1982_2,,0.3901109061760205,1.0,0.5730776343232143,MODERATE
Mahamadpur,395592,19,4,9,19,26.36867385504602,140.0,1982_2,,0.4032006169735255,1.0,0.5822404318814678,HIGH
Hatasahi,395642,20,4,10,20,21.69692952041404,140.0,1982_2,,0.3970203211198808,1.0,0.5779142247839165,HIGH
Sihopada,395641,20,4,10,20,18.101937799331285,140.0,1982_2,,0.38032309687188465,1.0,0.5662261678103192,MODERATE
Kanapur Kaema,395603,20,4,10,20,19.915017712556388,140.0,1982_2,,0.4138853730118274,1.0,0.5897197611082792,HIGH
Padhanpada,395594,19,4,10,19,25.137351819128124,140.0,1982_2,,0.4043317574165786,1.0,0.583032230191605,HIGH
Batarapada,395598,20,4,10,20,21.91887819790483,140.0,1982_2,,0.40796231882638406,1.0,0.5855736231784688,HIGH
Bhamanda,395600,20,4,10,20,19.838833490079292,140.0,1982_2,,0.39793528476515205,1.0,0.5785546993356063,HIGH
Kanapur Barha,395602,20,4,10,20,19.762917112148138,140.0,1982_2,,0.4087251073064686,1.0,0.5861075751145279,HIGH
Ahamadpur,395646,20,4,10,20,24.276567377655095,140.0,1982_2,,0.3942854509560707,1.0,0.5759998156692494,MODERATE
Fazilpur,395593,19,4,9,19,26.317862710261046,140.0,1982_2,,0.40707176548934787,1.0,0.5849502358425435,HIGH
Sanahalapada,395596,19,4,10,19,24.838797501812973,140.0,1982_2,,0.4180801172705984,1.0,0.5926560820894189,HIGH
Agapada,395640,20,4,10,20,17.56166557031728,140.0,1982_2,,0.38667954421356904,1.0,0.5706756809494983,MODERATE
Gahamapal,395599,20,4,10,20,20.852612836117583,140.0,1982_2,,0.40877741595803985,1.0,0.5861441911706279,HIGH
Damodarpur,395645,19,4,9,19,25.84460079624103,140.0,1982_2,,0.3962896745259186,1.0,0.577402772168143,MODERATE
Kothasahi,395653,20,4,10,20,16.928418541132732,140.0,1982_2,,0.3706472161572689,1.0,0.5594530513100882,LOW
Panasaganda,395644,19,4,9,19,26.31262133592933,140.0,1982_2,,0.3968794266761358,1.0,0.577815598673295,HIGH
Badahalapada,395595,19,4,10,19,24.618792916179796,140.0,1982_2,,0.41335217476203867,1.0,0.5893465223334271,HIGH
Domanda Barha,395601,20,4,10,20,18.796871453455353,140.0,1982_2,,0.39896703053920374,1.0,0.5792769213774426,HIGH
Sikdarpur,395597,19,4,10,19,23.071350056940005,140.0,1982_2,,0.415630604657733,1.0,0.5909414232604131,HIGH
Nuadia,395745,20,3,11,20,8.74688112644856,140.0,1984_4,,0.4013038111193005,1.0,0.5809126677835104,HIGH
Balabhadraprasad,395917,20,3,11,20,11.079317813100467,140.0,1984_4,,0.3860028795393322,1.0,0.5702020156775325,MODERATE
Parimakundapur,395713,20,4,10,20,15.402389606082457,140.0,1984_4,,0.3591692165880772,1.0,0.551418451611654,LOW
Tentulikoli,395726,20,3,11,20,5.0986809226481435,140.0,1984_4,,0.42646150753574225,1.0,0.5985230552750196,VERY HIGH
Manikhandi,395919,20,3,11,20,12.206956459005767,140.0,1984_4,,0.3788160957963081,1.0,0.5651712670574156,MODERATE
Deulasahi,395655,20,4,10,20,15.463575326452009,140.0,1982_2,,0.36409333726493004,1.0,0.554865336085451,LOW
Belpal,395925,20,3,11,20,14.133504998871906,140.0,1984_4,,0.3668458415809407,1.0,0.5567920891066584,LOW
Badaraja,395722,20,4,11,20,7.46851397409612,140.0,1984_4,,0.4099457743902812,1.0,0.5869620420731968,HIGH
Barunadia,395706,20,4,10,20,12.922528798116957,140.0,1984_4,,0.3743250906900014,1.0,0.562027563483001,MODERATE
Bartani,395676,20,4,11,20,6.226799393712754,140.0,1984_4,,0.41851809902805637,1.0,0.5929626693196395,HIGH
Keshanagar,395704,20,4,11,20,11.609117004857508,140.0,1984_4,,0.3826094831829785,1.0,0.567826638228085,MODERATE
Balikana,395924,20,3,11,20,14.26143459050724,140.0,1984_4,,0.36606450087015313,1.0,0.5562451506091072,LOW
Nahulia,395698,20,4,11,20,8.067166577867457,140.0,1984_4,,0.40587586027232186,1.0,0.5841131021906253,HIGH
Keradagarh,395914,20,3,11,20,10.90518058806793,140.0,1984_4,,0.38712479798815114,1.0,0.5709873585917058,MODERATE
Bandhapatana,395927,20,3,11,20,14.224735018911213,140.0,1984_4,,0.3662884762008,1.0,0.55640193334056,LOW
Koranda,395721,20,4,11,20,8.23874369987199,140.0,1984_4,,0.4047168680001622,1.0,0.5833018076001135,HIGH
Pandurkoli,395747,20,3,11,20,6.06521328515685,140.0,1984_4,,0.41964672995460994,1.0,0.5937527109682269,HIGH
Meghapur,395725,20,4,11,20,6.4638517110242635,140.0,1984_4,,0.41686784971634333,1.0,0.5918074948014402,HIGH
Patarapur,395758,20,3,11,20,8.745205064146303,140.0,1984_4,,0.4013150214457027,1.0,0.5809205150119918,HIGH
Chhadesh,395657,20,4,10,20,13.690274370386485,140.0,1984_4,,0.36956583094870704,1.0,0.5586960816640949,LOW
Baruna,395708,20,4,10,20,14.669677333098937,140.0,1984_4,,0.3635822355731205,1.0,0.5545075649011844,LOW
Sisua,395695,20,4,11,20,4.934989669286567,140.0,1984_4,,0.42762656303605817,1.0,0.5993385941252407,VERY HIGH
Banidihapatna,395707,20,4,10,20,13.711833620935803,140.0,1984_4,,0.3694330620977117,1.0,0.5586031434683982,LOW
Chalunia,395697,20,4,11,20,7.15359751812438,140.0,1984_4,,0.41210307535784685,1.0,0.5884721527504928,HIGH
Jaganathpursasan,395922,20,3,11,20,13.247662346141883,140.0,1984_4,,0.3723021492770155,1.0,0.5606115044939108,LOW
Ostia,395928,20,3,11,20,14.507110656121956,140.0,1984_4,,0.3645686772549593,1.0,0.5551980740784714,LOW
Nagada,395929,20,3,11,20,15.012703462061303,140.0,1984_4,,0.36150952937475733,1.0,0.5530566705623301,LOW
Bhagabanpur,395923,20,3,11,20,12.722880415188525,140.0,1984_4,,0.3755727219192542,1.0,0.5629009053434779,MODERATE
Maneidiha,395702,20,4,11,20,10.571213761919582,140.0,1984_4,,0.38928558667571583,1.0,0.5724999106730011,MODERATE
Chandanpur,395915,20,3,11,20,9.309327030141112,140.0,1984_4,,0.39755952677122114,1.0,0.5782916687398547,HIGH
Nethuria,395858,20,3,11,20,7.157241006994969,140.0,1984_4,,0.41207805123483715,1.0,0.588454635864386,HIGH
Rajpur,395916,20,3,11,20,10.000209105870745,140.0,1984_4,,0.3930080025969123,1.0,0.5751056018178387,MODERATE
Sanolara,395921,20,3,11,20,13.842862195513272,140.0,1984_4,,0.36862717091562086,1.0,0.5580390196409346,LOW
Madhupur,395918,20,3,11,20,11.920437337535686,140.0,1984_4,,0.38062938946083286,1.0,0.566440572622583,MODERATE
Naladia,395930,20,3,11,20,15.288490776551377,140.0,1984_4,,0.3598516800375841,1.0,0.5518961760263088,LOW
Jayakunda,395759,20,3,11,20,7.973713454977236,140.0,1984_4,,0.4065085256264988,1.0,0.5845559679385491,HIGH
Achhutapur,395661,20,4,10,20,12.244305446752369,140.0,1984_4,,0.37858036254523736,1.0,0.5650062537816661,MODERATE
Makundapur,395662,20,4,11,20,11.39222515780196,140.0,1984_4,,0.38399506731515454,1.0,0.5687965471206081,MODERATE
Pandiapali,395675,20,4,11,20,7.530682595934424,140.0,1984_4,,0.40952123164153875,1.0,0.5866648621490771,HIGH
Singidi,395748,20,3,11,20,6.196920024587317,140.0,1984_4,,0.41872656854433726,1.0,0.593108597981036,HIGH
Gangadharprasaddia,395746,20,3,11,20,7.639797331257464,140.0,1984_4,,0.40877716174152906,1.0,0.5861440132190703,HIGH
Bansaria,395718,20,4,11,20,9.086462998895385,140.0,1984_4,,0.3990389680021745,1.0,0.5793272776015221,HIGH
Khandeita,395743,20,3,11,20,5.487796700182557,140.0,1984_4,,0.42370474135646075,1.0,0.5965933189495225,VERY HIGH
Mahadeiadia,395744,20,3,11,20,6.747501988875744,140.0,1984_4,,0.4149017560465513,1.0,0.5904312292325858,HIGH
Kothasahi,395701,20,4,11,20,9.238765575052485,140.0,1984_4,,0.3980273414428925,1.0,0.5786191390100247,HIGH
Gobanga,395719,20,4,11,20,9.74903570340595,140.0,1984_4,,0.39465667032173035,1.0,0.5762596692252112,MODERATE
Ayatan,395723,20,3,11,20,7.404000370648378,140.0,1984_4,,0.41038679609902373,1.0,0.5872707572693165,HIGH
Rautabartani,395724,20,3,11,20,6.405241035109574,140.0,1984_4,,0.41727526378137697,1.0,0.5920926846469639,HIGH
Dalikaenda,395717,20,4,11,20,10.806349651803078,140.0,1984_4,,0.38776298855589203,1.0,0.5714340919891243,MODERATE
Siko,395720,20,4,11,20,8.46095068091208,140.0,1984_4,,0.4032207914752813,1.0,0.5822545540326969,HIGH
Badajoramuhan,395714,20,4,11,20,12.05823620889305,140.0,1984_4,,0.37975622085381894,1.0,0.5658293545976733,MODERATE
Jharkata,395715,20,4,11,20,11.063736943187156,140.0,1984_4,,0.3861031302329151,1.0,0.5702721911630405,MODERATE
Mangalapur,395716,20,4,11,20,10.490724639128842,140.0,1984_4,,0.3898081580313752,1.0,0.5728657106219626,MODERATE
Nandimahara,395699,20,4,11,20,7.6395945497116635,140.0,1984_4,,0.40877854328494273,1.0,0.5861449802994598,HIGH
Dasabhagaria,395703,20,4,11,20,9.947221108342983,140.0,1984_4,,0.39335523435147235,1.0,0.5753486640460306,MODERATE
Joral,395696,20,4,11,20,6.120936527235484,140.0,1984_4,,0.41925717627054904,1.0,0.5934800233893842,HIGH
Giria,395700,20,4,11,20,8.736781783695028,140.0,1984_4,,0.4013713652168541,1.0,0.5809599556517979,HIGH
Baradia,395920,20,3,11,20,12.696153457829002,140.0,1984_4,,0.3757400577883782,1.0,0.5630180404518648,MODERATE
Matia,395910,20,3,11,20,11.973362554111354,140.0,1984_4,,0.3802937892823229,1.0,0.566205652497626,MODERATE
Pancheswar,395913,20,3,11,20,10.833164828792711,140.0,1984_4,,0.38758972838932354,1.0,0.5713128098725264,MODERATE
Belpaldia,395926,20,3,11,20,13.019923641524136,140.0,1984_4,,0.3737179613573469,1.0,0.5616025729501428,MODERATE
Sangrampur,395728,20,3,11,20,3.5632239372756924,140.0,1984_4,,0.43751590553579334,1.0,0.6062611338750553,VERY HIGH
Anantapur,395683,20,3,11,20,2.519923568376899,140.0,1984_4,,0.4451901080897634,1.0,0.6116330756628343,VERY HIGH
Bektakolha,395887,20,2,13,20,9.49879022893594,140.0,1984_4,,0.396306125097577,1.0,0.5774142875683039,MODERATE
Khunta,395732,20,3,11,20,0.5932465613904109,140.0,1984_4,,0.4597177359204664,1.0,0.6218024151443264,VERY HIGH
Khuntakana,395854,20,2,11,20,7.97951610263226,140.0,1984_4,,0.4064692137650872,1.0,0.5845284496355609,HIGH
Chakamanpur,395841,20,2,13,20,6.011911522722628,140.0,1984_4,,0.42001969409890577,1.0,0.594013785869234,HIGH
Jaganathpur,395857,20,3,11,20,6.38846496103116,140.0,1984_4,,0.41739195077246827,1.0,0.5921743655407278,HIGH
Amanapari,395861,20,2,13,20,7.273170000356144,140.0,1984_4,,0.411282623364133,1.0,0.587897836354893,HIGH
Paramanandpur,395804,20,4,11,20,2.947636258380202,140.0,1984_4,,0.44202783503867543,1.0,0.6094194845270728,VERY HIGH
Jayanagar,395691,20,3,11,20,1.111493011045614,140.0,1984_4,,0.4557640506209608,1.0,0.6190348354346725,VERY HIGH
Banabiharipur,395874,20,3,13,20,9.027266295479187,140.0,1984_4,,0.3994328588028697,1.0,0.5796030011620088,HIGH
Kantapada,395694,20,4,11,20,4.739713219643866,140.0,1984_4,,0.4290205869225492,1.0,0.6003144108457844,VERY HIGH
Hansua,395855,20,3,11,20,7.399499023039092,140.0,1984_4,,0.41041758548101526,1.0,0.5872923098367107,HIGH
Kusunpur,395690,20,3,11,20,2.3140435197449776,140.0,1984_4,,0.4467203279545905,1.0,0.6127042295682132,VERY HIGH
Sankarnathpeta,395871,20,3,13,20,8.550265366590315,140.0,1984_4,,0.4026210123575695,1.0,0.5818347086502986,HIGH
Madhupur,395862,20,2,13,20,6.895003892684177,140.0,1984_4,,0.4138830287795351,1.0,0.5897181201456745,HIGH
Chandibaunsamula,395900,20,2,13,20,10.136433740986828,140.0,1984_4,,0.3921167252333619,1.0,0.5744817076633533,MODERATE
Hansina,395856,20,3,11,20,6.553690711668361,140.0,1984_4,,0.4162441335994911,1.0,0.5913708935196438,HIGH
Rajbijaya Nagar,395822,20,4,11,20,4.784814423045713,140.0,1984_4,,0.4286982190183255,1.0,0.6000887533128278,VERY HIGH
Baruna,395859,20,3,11,20,7.01277697196063,140.0,1984_4,,0.4130714209404158,1.0,0.589149994658291,HIGH
Adabhutia,395837,20,3,13,20,7.788076715571722,140.0,1984_4,,0.40776818857330444,1.0,0.5854377320013131,HIGH
Baunsakani,395864,20,2,13,20,7.9230537597840955,140.0,1984_4,,0.40685189719862064,1.0,0.5847963280390345,HIGH
Rajrajeswaripur,395873,20,3,13,20,10.25272845527485,140.0,1984_4,,0.3913574429332427,1.0,0.5739502100532698,MODERATE
Dholamara,395852,20,3,11,20,8.529747458705968,140.0,1984_4,,0.40275871824893167,1.0,0.5819311027742522,HIGH
Bhitargarh,395899,20,2,13,20,9.06336482749577,140.0,1984_4,,0.39919261541636347,1.0,0.5794348307914544,HIGH
Badhinakolha,395894,20,2,13,20,8.606961358076136,140.0,1984_4,,0.4022407420927182,1.0,0.5815685194649027,HIGH
Dhamara,395756,20,3,11,20,6.493777587451737,140.0,1984_4,,0.4166599826297388,1.0,0.5916619878408171,HIGH
Purusottampur,395835,20,3,13,20,6.89066952921876,140.0,1984_4,,0.4139129285174732,1.0,0.5897390499622313,HIGH
Garadapur,395749,20,3,11,20,5.138020395293473,140.0,1984_4,,0.4261819863340615,1.0,0.5983273904338431,VERY HIGH
Bishnupara,395896,20,2,13,20,9.607610948480321,140.0,1984_4,,0.39558800455283155,1.0,0.5769116031869821,MODERATE
Hariharpur,395886,20,2,13,20,10.259058805381775,140.0,1984_4,,0.39131615461751484,1.0,0.5739213082322603,MODERATE
Padmanav Pur,395868,20,2,13,20,7.137693488735909,140.0,1984_4,,0.41221232482678977,1.0,0.5885486273787528,HIGH
Kuhudi,395620,20,4,11,20,7.703035055172486,140.0,1984_4,,0.4083465530823699,1.0,0.5858425871576589,HIGH
Koilipur,395736,20,3,11,20,2.2771680989947436,140.0,1984_4,,0.44699496234061714,1.0,0.6128964736384319,VERY HIGH
Madhupur,395815,20,3,11,20,2.0247171301740923,140.0,1984_4,,0.44887966303616816,1.0,0.6142157641253176,VERY HIGH
Balarampur,395845,20,3,11,20,5.427045073246565,140.0,1984_4,,0.42413397116283036,1.0,0.5968937798139813,VERY HIGH
Badapal,395869,20,2,13,20,8.094282751879382,140.0,1984_4,,0.4056924717078387,1.0,0.583984730195487,HIGH
Katanabania,395752,20,3,11,20,6.232575941564486,140.0,1984_4,,0.4184778078038582,1.0,0.5929344654627007,HIGH
Loknathprasad,395850,20,3,11,20,7.835726899077691,140.0,1984_4,,0.40744447997987693,1.0,0.5852111359859138,HIGH
Jaganathprasad_ Dia,395733,20,3,11,20,0.718476117651498,140.0,1984_4,,0.4587592324085895,1.0,0.6211314626860126,VERY HIGH
Biradia,395757,20,3,11,20,7.488708048379936,140.0,1984_4,,0.40980782301624635,1.0,0.5868654761113724,HIGH
Gothakolha,395849,20,3,11,20,6.798111408840749,140.0,1984_4,,0.41455193798110374,1.0,0.5901863565867727,HIGH
Handiagarh,395865,20,2,13,20,8.319958618166758,140.0,1984_4,,0.4041694211347321,1.0,0.5829185947943124,HIGH
Madarangapata,395750,20,3,11,20,4.906898675894723,140.0,1984_4,,0.42782681749289586,1.0,0.599478772245027,VERY HIGH
Singadapal,395872,20,2,13,20,9.659901154026091,140.0,1984_4,,0.3952433984361899,1.0,0.5766703789053329,MODERATE
Bimisnagar,395870,20,2,13,20,8.842939210435897,140.0,1984_4,,0.40066185054905545,1.0,0.5804632953843387,HIGH
Raulia,395692,20,3,11,20,2.427128845694864,140.0,1984_4,,0.44587916233441316,1.0,0.6121154136340892,VERY HIGH
Junus Nagar,395836,20,3,13,20,6.528263335596062,140.0,1984_4,,0.41642057091838297,1.0,0.5914943996428681,HIGH
Kandira,395860,20,2,13,20,8.08454250450007,140.0,1984_4,,0.405758336137732,1.0,0.5840308352964123,HIGH
Silapokhari,395892,20,2,13,20,9.767474714232241,140.0,1984_4,,0.39453540431261636,1.0,0.5761747830188314,MODERATE
Charipokharia,395893,20,2,13,20,9.766389399264158,140.0,1984_4,,0.3945425409634911,1.0,0.5761797786744438,MODERATE
Jharkata,395904,20,3,11,20,9.58664164374262,140.0,1984_4,,0.39572628213826516,1.0,0.5770083974967856,MODERATE
Sribantapur,395839,20,2,13,20,7.363887193499929,140.0,1984_4,,0.41066125313752116,1.0,0.5874628771962648,HIGH
Panchu Palli,395817,20,3,11,20,2.5843941909767194,140.0,1984_4,,0.44471200360914626,1.0,0.6112984025264023,VERY HIGH
Khulari,395741,20,3,11,20,3.803491038900878,140.0,1984_4,,0.43576739747140214,1.0,0.6050371782299815,VERY HIGH
Ajagar Patia,395824,20,3,13,20,6.380850717533019,140.0,1984_4,,0.4174449228660398,1.0,0.5922114460062278,HIGH
Padmanavpur,395816,20,3,11,20,2.434272523507265,140.0,1984_4,,0.445826078543272,1.0,0.6120782549802903,VERY HIGH
Trailokyapur,395729,20,3,11,20,3.337051263145422,140.0,1984_4,,0.4391682535845109,1.0,0.6074177775091576,VERY HIGH
Badapanka,395693,20,3,11,20,3.2075647688346645,140.0,1984_4,,0.4401170496447159,1.0,0.6080819347513011,VERY HIGH
Balarampur,395866,20,2,13,20,7.171049639839248,140.0,1984_4,,0.4119832249052273,1.0,0.5883882574336591,HIGH
Bajapur,395753,20,3,11,20,6.719115984277295,140.0,1984_4,,0.41509809253887797,1.0,0.5905686647772146,HIGH
Sana Gokhani,395821,20,4,11,20,3.615257361216646,140.0,1984_4,,0.4371366458345087,1.0,0.6059956520841561,VERY HIGH
Balunga Patia,395825,20,3,13,20,6.6310626760581295,140.0,1984_4,,0.415707719097817,1.0,0.5909954033684719,HIGH
Nuagan Baragan,395863,20,2,13,20,7.082739768137128,140.0,1984_4,,0.41259004112344905,1.0,0.5888130287864143,HIGH
Sila Pokhari,395818,20,3,11,20,2.9676750901034823,140.0,1984_4,,0.4418802309984294,1.0,0.6093161616989005,VERY HIGH
Rajendranarayanpur,395805,20,4,11,20,4.0109605983514225,140.0,1984_4,,0.4342631917779952,1.0,0.6039842342445967,VERY HIGH
Jaduchandrapur,395903,20,2,11,20,9.992957871313186,140.0,1984_4,,0.39305550202059714,1.0,0.575138851414418,MODERATE
Brahmanikholha,395895,20,2,13,20,8.952289133509465,140.0,1984_4,,0.3999323098355596,1.0,0.5799526168848916,HIGH
Kusunpur,395853,20,2,11,20,8.462545179203243,140.0,1984_4,,0.4032100760366137,1.0,0.5822470532256295,HIGH
Nalajodi,395867,20,2,13,20,7.935174589648037,140.0,1984_4,,0.40676971578936133,1.0,0.5847388010525529,HIGH
Gupti,395838,20,3,13,20,8.478011014196994,140.0,1984_4,,0.40310615642215575,1.0,0.582174309495509,HIGH
Daenigiri,395754,20,3,11,20,6.440102144086156,140.0,1984_4,,0.41703288955941487,1.0,0.5919230226915904,HIGH
Daruora,395846,20,3,11,20,5.389910241470766,140.0,1984_4,,0.42439655480726945,1.0,0.5970775883650885,VERY HIGH
Jhadamala,395755,20,3,11,20,5.634901119326482,140.0,1984_4,,0.42266719976969286,1.0,0.595867039838785,VERY HIGH
Ghadiamal,395844,20,3,11,20,4.37339721660326,140.0,1984_4,,0.4316478840469081,1.0,0.6021535188328356,VERY HIGH
Bandhamala,395751,20,3,11,20,4.606022776442584,140.0,1984_4,,0.42997758524616303,1.0,0.6009843096723141,VERY HIGH
Nuagan,395843,20,3,11,20,3.92766387471617,140.0,1984_4,,0.43486648880448875,1.0,0.6044065421631422,VERY HIGH
Dibakarpur,395842,20,3,11,20,4.767253355049671,140.0,1984_4,,0.4288237106917274,1.0,0.6001765974842092,VERY HIGH
Ghusuria,395738,20,3,11,20,3.595424853699664,140.0,1984_4,,0.43728116164769176,1.0,0.6060968131533842,VERY HIGH
Charipokharia,395739,20,3,11,20,3.9645382809462877,140.0,1984_4,,0.4345993135195806,1.0,0.6042195194637063,VERY HIGH
Biswanathpur,395742,20,3,11,20,4.299202881403312,140.0,1984_4,,0.43218197799835334,1.0,0.6025273845988472,VERY HIGH
Iswarpur,395813,20,3,11,20,2.273726227561737,140.0,1984_4,,0.44702060472928484,1.0,0.6129144233104993,VERY HIGH
Righa Garh,395812,20,3,11,20,2.1498429418775644,140.0,1984_4,,0.4479445312478678,1.0,0.6135611718735074,VERY HIGH
Kujipur,395730,20,3,11,20,2.072965091007664,140.0,1984_4,,0.4485188493199754,1.0,0.6139631945239827,VERY HIGH
Subhadraprasad Dia,395734,20,3,11,20,2.085797780356492,140.0,1984_4,,0.44842293119339677,1.0,0.6138960518353778,VERY HIGH
Gharabhanjakola,395737,20,3,11,20,2.958918282215983,140.0,1984_4,,0.4419447267096551,1.0,0.6093613086967585,VERY HIGH
Nuakhunta,395819,20,3,11,20,3.6359402032123747,140.0,1984_4,,0.4369859846672376,1.0,0.6058901892670663,VERY HIGH
Balabhadrapur,395823,20,4,13,20,4.841215023983289,140.0,1984_4,,0.4282954277423434,1.0,0.5998067994196403,VERY HIGH
Gumura,395826,20,3,13,20,7.466210563116416,140.0,1984_4,,0.40996151258567226,1.0,0.5869730588099705,HIGH
Gajarajpur,395740,20,3,11,20,3.074107056257855,140.0,1984_4,,0.4410970894347537,1.0,0.6087679626043275,VERY HIGH
Gobindakana,395735,20,3,11,20,1.3011130940775184,140.0,1984_4,,0.45432595729400505,1.0,0.6180281701058035,VERY HIGH
Dighi,395814,20,3,11,20,1.5478331531753484,140.0,1984_4,,0.45246160424785703,1.0,0.6167231229735,VERY HIGH
Tarapada,395731,20,3,11,20,2.3100464606061464,140.0,1984_4,,0.4467500884053544,1.0,0.6127250618837481,VERY HIGH
Kantipokhari,395727,20,3,11,20,4.273726639234499,140.0,1984_4,,0.4323655231748152,1.0,0.6026558662223707,VERY HIGH
Iswarpur,395682,20,3,11,20,3.1782141535030735,140.0,1984_4,,0.4403323974157515,1.0,0.608232678191026,VERY HIGH
Arjunpur,395840,20,3,13,20,6.86631239607534,140.0,1984_4,,0.4140809914997635,1.0,0.5898566940498344,HIGH
Taneipada,395679,20,4,11,20,3.6817553686194024,140.0,1984_4,,0.43665243561068623,1.0,0.6056567049274804,VERY HIGH
Pitanda,395820,20,3,11,20,2.665846227923671,140.0,1984_4,,0.4441087015608256,1.0,0.6108760910925779,VERY HIGH
Nuagaon Satagan,395905,20,3,11,20,9.497192105657748,140.0,1984_4,,0.39631668100555356,1.0,0.5774216767038874,MODERATE
Baliora,395883,20,2,13,20,10.500697525053441,140.0,1984_4,,0.3897433715442177,1.0,0.5728203600809523,MODERATE
Gopinathpur,395906,20,3,11,20,9.8006888057268,140.0,1984_4,,0.39431706250145476,1.0,0.5760219437510183,MODERATE
Kendukolha,395888,20,2,13,20,9.13192063873744,140.0,1984_4,,0.3987367596691033,1.0,0.5791157317683723,HIGH
Bedhuakolha,395851,20,3,11,20,8.631416448749452,140.0,1984_4,,0.40207682826904295,1.0,0.58145377978833,HIGH
Balabhadraprasad Dia,395689,20,3,11,20,2.6341068970068933,140.0,1984_4,,0.44434369225977316,1.0,0.6110405845818412,VERY HIGH
Bhitarkanika,395806,20,4,11,20,7.281773535326266,140.0,1984_4,,0.41122365285164597,1.0,0.5878565569961521,HIGH
Hansina Dia,395848,20,3,11,20,6.536777600647463,140.0,1984_4,,0.4163614831923259,1.0,0.5914530382346281,HIGH
Debendranarayanpur,395875,20,3,13,20,9.725982547214896,140.0,1984_4,,0.39480833415366073,1.0,0.5763658339075625,MODERATE
Sangopalpur,395889,20,2,13,20,10.043424475943967,140.0,1984_4,,0.39272503807471687,1.0,0.5749075266523018,MODERATE
Matia,395611,20,4,10,20,12.390245805186177,140.0,1984_4,,0.3776606456337123,1.0,0.5643624519435986,MODERATE
Porala,395669,20,4,11,20,8.184420906139067,140.0,1984_4,,0.4050834564417,1.0,0.58355841950919,HIGH
Satagharia,395659,20,4,10,20,13.92799025467194,140.0,1984_4,,0.3681045331692148,1.0,0.5576731732184503,LOW
Ektala,395612,20,4,10,20,12.167295958887564,140.0,1984_4,,0.37906657916985503,1.0,0.5653466054188985,MODERATE
Mahurigan,395613,20,4,11,20,11.114852815526495,140.0,1984_4,,0.38577433700216124,1.0,0.5700420359015128,MODERATE
Deuli,395617,20,4,11,20,7.316550317970858,140.0,1984_4,,0.410985371320633,1.0,0.5876897599244431,HIGH
Baranga,395622,20,4,11,20,8.461411986227176,140.0,1984_4,,0.4032176913556277,1.0,0.5822523839489393,HIGH
Taras,395624,20,4,11,20,9.46992535668036,140.0,1984_4,,0.396496826393221,1.0,0.5775477784752547,MODERATE
Ostia,395614,20,4,11,20,10.423768032555692,140.0,1984_4,,0.3902434046994776,1.0,0.5731703832896342,MODERATE
Saradaprasad,395762,20,4,11,20,8.202409048035078,140.0,1984_4,,0.40496202966639006,1.0,0.583473420766473,HIGH
Langalabhanja,395610,20,4,10,20,13.363340908386625,140.0,1982_2,,0.3769865900308604,1.0,0.5638906130216023,MODERATE
Endulapur,395684,20,3,11,20,2.7905701596395147,140.0,1984_4,,0.4431864773653448,1.0,0.6102305341557412,VERY HIGH
Gokarneswar,395663,20,4,11,20,10.684115890390382,140.0,1984_4,,0.3885537559134329,1.0,0.571987629139403,MODERATE
Kantapada,395664,20,4,11,20,10.467868173777559,140.0,1984_4,,0.38995668026298436,1.0,0.572969676184089,MODERATE
Badagara,395665,20,4,11,20,9.444644300964276,140.0,1984_4,,0.3966639259005033,1.0,0.5776647481303523,HIGH
Kalikapur,395668,20,4,11,20,9.0364900464159,140.0,1984_4,,0.39937145903569965,1.0,0.5795600213249897,HIGH
Burudia,395623,20,4,11,20,9.170810264417147,140.0,1984_4,,0.3984783980192426,1.0,0.5789348786134698,HIGH
Bajarpur,395685,20,3,11,20,3.584058093438299,140.0,1984_4,,0.43736401066400593,1.0,0.6061548074648041,VERY HIGH
Cherantapada,395667,20,4,11,20,9.870432326844757,140.0,1984_4,,0.39385897778378093,1.0,0.5757012844486467,MODERATE
Panki,395607,20,4,10,20,15.616410454299968,140.0,1982_2,,0.39116852963768933,1.0,0.5738179707463825,MODERATE
Gunthala,395604,20,4,10,20,18.189897846547233,140.0,1982_2,,0.40464618722951856,1.0,0.583252331060663,HIGH
Upulei,395680,20,4,11,20,4.148225925905848,140.0,1984_4,,0.43327083935291344,1.0,0.6032895875470394,VERY HIGH
Olaver,395656,20,4,10,20,14.761215212697442,140.0,1982_2,,0.36742344253511944,1.0,0.5571964097745836,LOW
Hariharpursasan,395672,20,4,11,20,6.943891308530986,140.0,1984_4,,0.41354593826488756,1.0,0.5894821567854213,HIGH
Rajendranarayanpur,395802,20,4,11,20,5.067486550897964,140.0,1984_4,,0.4266832851625813,1.0,0.5986782996138069,VERY HIGH
Ganja,395660,20,4,10,20,12.056100416246679,140.0,1984_4,,0.3797697391034842,1.0,0.5658388173724389,MODERATE
Baghuasuni,395621,20,4,11,20,8.249788025524705,140.0,1984_4,,0.4046423777747028,1.0,0.583249664442292,HIGH
Bangarakuan,395616,20,4,11,20,8.004437099819388,140.0,1984_4,,0.40630042185248877,1.0,0.584410295296742,HIGH
Gualigan,395615,20,4,11,20,9.593704828473086,140.0,1984_4,,0.3956797000829087,1.0,0.5769757900580361,MODERATE
Gobindapur,395633,20,4,10,20,12.278735489626408,140.0,1984_4,,0.3783631825619363,1.0,0.5648542277933554,MODERATE
Sialia,395625,20,4,11,20,8.860380444397068,140.0,1984_4,,0.40054540019061263,1.0,0.5803817801334288,HIGH
Badataila,395628,20,4,11,20,11.081687350480069,140.0,1984_4,,0.38598763570281286,1.0,0.570191344991969,MODERATE
Jagulaipada,395630,20,4,10,20,12.19760672590103,140.0,1984_4,,0.37887513088573255,1.0,0.5652125916200128,MODERATE
Barada,395627,20,4,11,20,10.0637601260501,140.0,1984_4,,0.3925919553126581,1.0,0.5748143687188607,MODERATE
Arasa,395626,20,4,11,20,9.895492523296266,140.0,1984_4,,0.39369450907703185,1.0,0.5755861563539222,MODERATE
Sikudi,395619,20,4,11,20,7.277943511132883,140.0,1984_4,,0.4112499036318016,1.0,0.5878749325422611,HIGH
Bahadiha,395609,20,4,10,20,13.556535418788425,140.0,1982_2,,0.3805201656255907,1.0,0.5663641159379135,MODERATE
Manapur,395605,20,4,10,20,17.372320122476175,140.0,1982_2,,0.4012416976157478,1.0,0.5808691883310234,HIGH
Malisahada,395673,20,4,11,20,6.679581188859722,140.0,1984_4,,0.4153716963056659,1.0,0.5907601874139661,HIGH
Kalisipada,395674,20,4,11,20,7.455806936486857,140.0,1984_4,,0.4100326035240145,1.0,0.5870228224668101,HIGH
Pimpudi,395670,20,4,11,20,8.238045586028049,140.0,1984_4,,0.40472157700169775,1.0,0.5833051039011884,HIGH
Gangadharpur,395666,20,4,11,20,9.445026359589367,140.0,1984_4,,0.3966614000939758,1.0,0.5776629800657831,HIGH
Balibhanda,395654,20,4,10,20,16.30193456183471,140.0,1982_2,,0.37210305396038323,1.0,0.5604721377722682,LOW
Madhupara,395677,20,4,11,20,6.254003876809123,140.0,1984_4,,0.4183283825649502,1.0,0.5928298677954651,HIGH
Patuli,395636,20,4,10,20,14.940633480301482,140.0,1982_2,,0.37090745707607176,1.0,0.5596352199532502,LOW
Mantapara,395678,20,4,11,20,5.08206904689314,140.0,1984_4,,0.42657959597519984,1.0,0.5986057171826399,VERY HIGH
Pratappur,395637,20,4,10,20,15.679814597839343,140.0,1982_2,,0.37480594986730914,1.0,0.5623641649071164,MODERATE
Akhulipada,395671,20,4,11,20,8.221795988488774,140.0,1984_4,,0.4048312012246359,1.0,0.5833818408572451,HIGH
Balarampur,395635,20,4,10,20,14.192597323622019,140.0,1982_2,,0.370270371462293,1.0,0.559189260023605,LOW
Baghabuda,395629,20,4,11,20,11.043145878701901,140.0,1984_4,,0.38623565754647793,1.0,0.5703649602825345,MODERATE
Govindpur,395803,20,4,11,20,4.671918828311137,140.0,1984_4,,0.4295056140479301,1.0,0.600653929833551,VERY HIGH
Safalanga,395634,20,4,10,20,13.952333407807076,140.0,1982_2,,0.37346153956531275,1.0,0.561423077695719,MODERATE
Pegarapada,395639,20,4,10,20,16.364492205794967,140.0,1982_2,,0.38262067288615476,1.0,0.5678344710203083,MODERATE
Nahuni,395638,20,4,10,20,15.341367819323583,140.0,1982_2,,0.38050833738795764,1.0,0.5663558361715704,MODERATE
Achinta,395631,20,4,10,20,11.983272488819608,140.0,1984_4,,0.3802309830254858,1.0,0.56616168811784,MODERATE
Domanda Kaema,395606,20,4,10,20,17.28840273884467,140.0,1982_2,,0.3943842197308588,1.0,0.5760689538116011,MODERATE
Nuagan,395608,20,4,10,20,14.30913131535061,140.0,1982_2,,0.37994974497578204,1.0,0.5659648214830474,MODERATE
Upulei Dia,395681,20,4,11,20,3.8444591997607667,140.0,1984_4,,0.4354699558826303,1.0,0.6048289691178412,VERY HIGH
Sanataila,395632,20,4,10,20,12.65088616143011,140.0,1984_4,,0.3760236436940678,1.0,0.5632165505858475,MODERATE
Nuagan,395686,20,4,11,20,4.483158240398565,140.0,1984_4,,0.4308589706385783,1.0,0.6016012794470048,VERY HIGH
Durgaprasad,395801,20,4,11,20,6.420651316648888,140.0,1984_4,,0.41716810538823673,1.0,0.5920176737717657,HIGH
Ragadapatia,395800,20,4,11,20,6.955098826732127,140.0,1984_4,,0.4134686984185018,1.0,0.5894280888929513,HIGH
Bankual,395799,20,4,11,20,8.093262101294215,140.0,1984_4,,0.4056993729375138,1.0,0.5839895610562595,HIGH
Dangamal,395766,20,4,11,20,8.43823626205379,140.0,1984_4,,0.4033734691391602,1.0,0.5823614283974121,HIGH
Trilochanpur,395765,20,4,11,20,9.456906339366036,140.0,1984_4,,0.3965828690452713,1.0,0.5776080083316899,HIGH
Kamalpur,395764,20,4,11,20,8.78264801986103,140.0,1984_4,,0.4010646592300782,1.0,0.5807452614610547,HIGH
Badhadia,395763,20,4,11,20,7.9124046483452215,140.0,1984_4,,0.40692411379365895,1.0,0.5848468796555613,HIGH
Laxmiprasad Dia,395687,20,4,11,20,5.3342460334555675,140.0,1984_4,,0.42479046580367547,1.0,0.5973533260625727,VERY HIGH
Asoka Dia,395688,20,3,11,20,4.0481013588764725,140.0,1984_4,,0.43399446054041946,1.0,0.6037961223782936,VERY HIGH
Kanhupur,396072,20,3,13,20,11.357046220266069,140.0,1984_4,,0.36515696907226153,1.0,0.5556098783505831,LOW
Banipal,396067,20,3,13,20,3.833055406292937,140.0,2024_11,DANA,0.40204867437467584,1.0,0.581434072062273,HIGH
Rangani,395797,20,3,13,20,8.590302409551079,140.0,1984_4,,0.37610522123349854,1.0,0.5632736548634489,MODERATE
Narayanpur,395796,20,3,13,20,8.241925457533911,140.0,1984_4,,0.37748506426218154,1.0,0.564239544983527,MODERATE
Udyan,395784,20,3,13,20,6.065858232331925,140.0,2024_11,DANA,0.3873620484424338,1.0,0.5711534339097036,MODERATE
Paramanandapur,395880,20,3,13,20,13.53721038241952,140.0,1984_4,,0.37050982152646345,1.0,0.5593568750685244,LOW
Mohanpur,395879,20,3,13,20,13.540821454209029,140.0,1984_4,,0.370487523238072,1.0,0.5593412662666504,LOW
Govindapur,395878,20,3,13,20,13.254994794027835,140.0,1984_4,,0.3699118665350071,1.0,0.5589383065745049,LOW
Dalei Sahi,395785,20,3,13,20,4.930134493556513,140.0,2024_11,DANA,0.39476415489659766,1.0,0.5763349084276184,MODERATE
Ananta Keshari,395782,20,3,13,20,4.426788170270124,140.0,2024_11,DANA,0.3980898030979976,1.0,0.5786628621685983,HIGH
Ahirajpur,396063,20,3,13,20,3.8535755063127475,140.0,2024_11,DANA,0.4019111965679854,1.0,0.5813378375975897,HIGH
Sir Rajendrapur,396065,20,3,13,20,3.013218404747056,140.0,2024_11,DANA,0.40757995085314397,1.0,0.5853059655972008,HIGH
Rabindrapalli,396070,20,3,13,20,9.330615848463776,140.0,2024_11,DANA,0.3668478390008201,1.0,0.556793487300574,LOW
Krishnanagar,395770,20,4,11,20,11.234130111065642,140.0,1984_4,,0.38500819678714776,1.0,0.5695057377510033,MODERATE
Khas Munda,395783,20,3,13,20,5.8791900819243335,140.0,2024_11,DANA,0.38856906101090577,1.0,0.571998342707634,MODERATE
Sailendra Sarai,395781,20,3,13,20,5.637736733835619,140.0,2024_11,DANA,0.39013589989627884,1.0,0.5730951299273952,MODERATE
Bhanja Prasad,395778,20,3,13,20,7.815825749958812,140.0,2024_11,DANA,0.37622736549309344,1.0,0.5633591558451654,MODERATE
Dantiapada,396071,20,3,13,20,10.80387496499107,140.0,1984_4,,0.37095925963101606,1.0,0.5596714817417112,LOW
Keruapal,395786,20,3,13,20,4.54067505615287,140.0,2024_11,DANA,0.39733489963840674,1.0,0.5781344297468847,HIGH
Bagapatia Uttar,395827,20,3,13,20,8.69559299123628,140.0,1984_4,,0.4016469931769003,1.0,0.5811528952238302,HIGH
Sourendrapur,395793,20,3,13,20,6.972663960042254,140.0,2024_11,DANA,0.3815516974657697,1.0,0.5670861882260387,MODERATE
Pravati,396064,20,3,13,20,2.279035960583201,140.0,2024_11,DANA,0.41259788967250055,1.0,0.5888185227707503,HIGH
Harina Pokhari,395795,20,3,13,20,7.703079907553967,140.0,2024_11,DANA,0.37693499799436403,1.0,0.5638544985960547,MODERATE
Magarkanda,395833,20,3,13,20,11.792052964577431,140.0,1984_4,,0.38144470919395146,1.0,0.567011296435766,MODERATE
Satavaya,396069,20,3,13,20,9.19670359987128,140.0,2024_11,DANA,0.3676675103443756,1.0,0.5573672572410628,LOW
Manjulapalli,396066,20,3,13,20,6.453191911681628,140.0,2024_11,DANA,0.3848694631596624,1.0,0.5694086242117636,MODERATE
Barahipur,396068,20,3,13,20,9.03227927568024,140.0,2024_11,DANA,0.36867645019699724,1.0,0.558073515137898,LOW
Bagapatia,395834,20,3,13,20,8.104376351930105,140.0,1984_4,,0.405624229155558,1.0,0.5839369604088906,HIGH
Amarabati,395790,20,3,13,20,6.2168894944324595,140.0,2024_11,DANA,0.3863882116372182,1.0,0.5704717481460527,MODERATE
Sailendranarayanpur,395811,20,3,13,20,7.59681833215644,140.0,1984_4,,0.40907008052808974,1.0,0.5863490563696627,HIGH
Gopaljew Patana,395808,20,3,13,20,9.115351129948385,140.0,1984_4,,0.3988468894124323,1.0,0.5791928225887026,HIGH
Rajpatana,395779,20,3,13,20,7.030524188783198,140.0,2024_11,DANA,0.3811839303451533,1.0,0.5668287512416073,MODERATE
Kanak Nagar,395771,20,4,11,20,11.978037234882107,140.0,1984_4,,0.3802641612354518,1.0,0.5661849128648162,MODERATE
Sailendranarayanpur Purbajungal Block,395810,20,3,13,20,8.358829969515451,140.0,1984_4,,0.40390766240862713,1.0,0.582735363686039,HIGH
Talchua,396062,20,3,11,20,8.87022519218599,140.0,2024_11,DANA,0.36967355486892617,1.0,0.5587714884082483,LOW
Sailendranagar,395772,20,4,11,20,11.549097726706972,140.0,1984_4,,0.37441296805333674,1.0,0.5620890776373357,MODERATE
Baghua,395769,20,4,11,20,10.604266884606306,140.0,1984_4,,0.3890711939964244,1.0,0.572349835797497,MODERATE
Rajendranagar,395774,20,3,11,20,9.622649080831016,140.0,2024_11,DANA,0.3650666479052658,1.0,0.555546653533686,LOW
Rajeswarinagar,395773,20,3,11,20,10.704661783918732,140.0,1984_4,,0.3681554319124486,1.0,0.557708802338714,LOW
Tikayat Nagar,395775,20,3,11,20,8.56298261356965,140.0,2024_11,DANA,0.3715714008183017,1.0,0.5600999805728112,LOW
Birabhanjapur,395776,20,3,13,20,8.019186559830995,140.0,2024_11,DANA,0.37495435901294394,1.0,0.5624680513090607,MODERATE
Chanra Kolha,395792,20,3,13,20,6.892906276955394,140.0,2024_11,DANA,0.38205922937690784,1.0,0.5674414605638354,MODERATE
Garta,395791,20,3,13,20,5.422432012638325,140.0,2024_11,DANA,0.39153838308770744,1.0,0.5740768681613952,MODERATE
Habelichintamanipur,395829,20,3,13,20,2.658400567784724,140.0,2024_11,DANA,0.4099973689428442,1.0,0.5869981582599909,HIGH
Baunsagarh,395832,20,3,13,20,9.336150512705368,140.0,1984_4,,0.3723205693117051,1.0,0.5606243985181936,LOW
Sanagahiramatha,395830,20,3,13,20,4.317648316009648,140.0,2024_11,DANA,0.3988145864726308,1.0,0.5791702105308415,HIGH
Gopaljewpatna J Block,395809,20,3,13,20,8.521255430061593,140.0,1984_4,,0.4028157262593194,1.0,0.5819710083815235,HIGH
Pata Paria,395807,20,3,13,20,9.955986442117403,140.0,1984_4,,0.38858882042723086,1.0,0.5720121742990616,MODERATE
Giria Pahi,395787,20,3,13,20,5.5740217535459555,140.0,2024_11,DANA,0.3905504116319215,1.0,0.573385288142345,MODERATE
Vekta,395798,20,3,11,20,9.08847288635573,140.0,1984_4,,0.3720347724980369,1.0,0.5604243407486258,LOW
Sikar Pahi,395794,20,3,13,20,8.25426374579895,140.0,2024_11,DANA,0.37348817950669233,1.0,0.5614417256546846,MODERATE
Baghamari,395789,20,3,13,20,7.463687728337991,140.0,2024_11,DANA,0.3784419237237908,1.0,0.5649093466066535,MODERATE
Radhamalipur,395788,20,3,13,20,6.915897147030582,140.0,2024_11,DANA,0.38191285952005793,1.0,0.5673390016640405,MODERATE
Jyoti Prasad,395777,20,3,13,20,7.7495728146763625,140.0,2024_11,DANA,0.37664303106468544,1.0,0.5636501217452798,MODERATE
Sahebnagar,395881,20,3,13,20,13.069458887564766,140.0,1984_4,,0.3734095518316183,1.0,0.5613866862821328,MODERATE
Suravi,395780,20,3,13,20,7.561251938650755,140.0,2024_11,DANA,0.37782705064870076,1.0,0.5644789354540904,MODERATE
Sadanandapur,395876,20,3,13,20,12.91999926265939,140.0,1984_4,,0.37434087216582335,1.0,0.5620386105160764,MODERATE
Tentuliakolha,395877,20,3,13,20,12.24290104220802,140.0,1984_4,,0.37047413128414103,1.0,0.5593318918988988,LOW
Badagahiramatha,395831,20,3,13,20,5.475820897579618,140.0,2024_11,DANA,0.39119014141789227,1.0,0.5738330989925245,MODERATE
Kaduanasi,395828,20,3,13,20,4.213812793385673,140.0,2024_11,DANA,0.39950536938220366,1.0,0.5796537585675425,HIGH
Pinchapatia,395767,20,4,11,20,9.784365922495821,140.0,1984_4,,0.39442435028396255,1.0,0.5760970451987737,MODERATE
Subarnpur,395768,20,4,11,20,10.246319112506866,140.0,1984_4,,0.3913992508994922,1.0,0.5739794756296446,MODERATE
Hukitola,396061,21,5,14,21,32.226959522687984,140.0,1999_7,,0.3959512686880267,1.0,0.5771658880816186,MODERATE
Talapatta,396052,20,2,13,20,17.56841651493053,140.0,1984_4,,0.3464342979528976,1.0,0.5425040085670283,LOW
