cyclone_event_id,year,system_number,cyclone_name,date,time,latitude,longitude,max_wind_kt,pressure_hpa,grade,basin
1982_2,1982,2.0,,1982-06-03,0300,19.0,88.0,65.0,972.0,VSCS,BOB
1982_2,1982,2.0,,1982-06-03,0600,19.5,87.5,80.0,960.0,VSCS,BOB
1982_2,1982,2.0,,1982-06-03,1200,20.0,87.0,90.0,952.0,VSCS,BOB
1982_2,1982,2.0,,1982-06-03,1800,21.0,86.5,90.0,952.0,VSCS,BOB
1982_2,1982,2.0,,1982-06-04,0000,21.5,86.0,65.0,970.0,VSCS,BOB
1982_3,1982,3.0,,1982-07-19,1200,19.0,85.5,25.0,,D,BOB
1982_3,1982,3.0,,1982-07-20,0000,19.5,85.0,20.0,,D,BOB
1982_4,1982,4.0,,1982-08-12,1800,20.5,87.0,25.0,,D,BOB
1982_4,1982,4.0,,1982-08-12,1200,20.5,87.5,25.0,,D,BOB
1982_5,1982,5.0,,1982-08-18,0300,21.0,88.0,25.0,,D,BOB
1982_5,1982,5.0,,1982-08-18,1200,21.5,87.5,25.0,,D,BOB
1982_6,1982,6.0,,1982-08-27,1200,20.0,88.0,25.0,,D,BOB
1982_6,1982,6.0,,1982-08-28,0300,21.0,88.0,25.0,,D,BOB
1982_6,1982,6.0,,1982-08-28,1200,21.2,87.7,25.0,,D,BOB
1982_6,1982,6.0,,1982-08-29,0300,20.5,85.5,25.0,,D,BOB
1982_6,1982,6.0,,1982-08-29,1200,21.0,85.0,25.0,,D,BOB
1982_7,1982,7.0,,1982-09-10,0300,20.5,85.5,25.0,,D,BOB
1983_2,1983,2.0,,1983-06-25,0300,19.0,85.5,30.0,,DD,BOB
1983_2,1983,2.0,,1983-06-25,1800,19.5,84.5,30.0,,DD,BOB
1983_2,1983,2.0,,1983-06-25,1200,19.5,85.0,30.0,,DD,BOB
1984_2,1984,2.0,,1984-07-31,1200,20.0,86.5,25.0,,D,BOB
1984_2,1984,2.0,,1984-08-01,0300,20.5,85.0,25.0,,D,BOB
1984_2,1984,2.0,,1984-08-01,1200,21.0,84.0,25.0,,D,BOB
1984_3,1984,3.0,,1984-08-15,1200,21.0,87.0,25.0,,D,BOB
1984_4,1984,4.0,,1984-10-13,0000,19.0,88.0,25.0,,D,BOB
1984_4,1984,4.0,,1984-10-13,0300,19.5,87.5,25.0,,D,BOB
1984_4,1984,4.0,,1984-10-13,1200,20.5,87.5,65.0,,SCS,BOB
1984_4,1984,4.0,,1984-10-14,0300,20.7,86.8,55.0,,SCS,BOB
1984_4,1984,4.0,,1984-10-14,1200,21.5,86.0,35.0,,CS,BOB
1985_10,1985,10.0,,1985-10-15,0300,19.5,87.5,35.0,,CS,BOB
1985_10,1985,10.0,,1985-10-15,1200 ,20.5,87.5,45.0,,SCS,BOB
1985_3,1985,3.0,,1985-08-01,0300,20.0,88.0,25.0,,D,BOB
1985_3,1985,3.0,,1985-08-01,1200,20.5,87.5,25.0,,D,BOB
1985_3,1985,3.0,,1985-08-02,0000,20.5,87.5,25.0,,D,BOB
1985_4,1985,4.0,,1985-08-06,0300,20.5,88.0,25.0,,D,BOB
1985_4,1985,4.0,,1985-08-06,0600,21.5,87.0,25.0,,D,BOB
1985_5,1985,5.0,,1985-08-14,0600,19.0,87.5,25.0,,D,BOB
1985_5,1985,5.0,,1985-08-14,1200,19.5,87.0,25.0,,D,BOB
1985_5,1985,5.0,,1985-08-15,0000,20.5,86.5,25.0,,D,BOB
1985_6,1985,6.0,,1985-09-20,0600,19.5,86.5,40.0,,CS,BOB
1985_6,1985,6.0,,1985-09-20,0300,19.5,87.0,35.0,,CS,BOB
1985_6,1985,6.0,,1985-09-20,1200,19.8,86.2,45.0,,CS,BOB
1985_6,1985,6.0,,1985-09-20,1800,20.5,85.5,35.0,,CS,BOB
1985_6,1985,6.0,,1985-09-21,0000,21.0,84.0,30.0,,DD,BOB
1986_5,1986,5.0,,1986-08-19,0300,21.2,88.0,25.0,,D,BOB
1986_5,1986,5.0,,1986-08-19,1200,21.3,87.3,25.0,,D,BOB
1986_5,1986,5.0,,1986-08-20,0300,21.5,86.1,25.0,,D,BOB
1986_6,1986,6.0,,1986-09-24,0300,20.5,88.0,25.0,,D,BOB
1986_6,1986,6.0,,1986-09-25,0300,21.0,87.5,25.0,,D,BOB
1986_6,1986,6.0,,1986-09-25,1200,21.5,86.7,25.0,,D,BOB
1986_7,1986,7.0,,1986-11-08,1200,19.5,86.0,30.0,,DD,BOB
1987_2,1987,2.0,,1987-06-03,1200,19.0,88.0,30.0,986.0,DD,BOB
1988_3,1988,3.0,,1988-07-18,0300,19.4,84.2,25.0,,D,BOB
1988_8,1988,8.0,,1988-11-28,0300,19.0,85.8,110.0,,SCS,BOB
1988_8,1988,8.0,,1988-11-28,0900,19.3,86.2,110.0,,SCS,BOB
1988_8,1988,8.0,,1988-11-29,0300,19.6,87.8,115.0,,SCS,BOB
1989_1,1989,1.0,,1989-05-26,0300,20.6,87.5,115.0,,SCS,BOB
1989_1,1989,1.0,,1989-05-26,1200,21.5,87.2,115.0,,SCS,BOB
1989_3,1989,3.0,,1989-06-12,1200,19.5,87.5,25.0,,D,BOB
1989_3,1989,3.0,,1989-06-12,0300,19.5,88.0,25.0,,D,BOB
1989_3,1989,3.0,,1989-06-13,0300,20.0,86.9,25.0,,D,BOB
1989_3,1989,3.0,,1989-06-13,1200,21.4,86.9,30.0,,DD,BOB
1989_7,1989,7.0,,1989-10-17,1200,20.0,88.0,25.0,,D,BOB
1990_2,1990,2.0,,1990-06-14,0000,21.5,88.0,27.0,992.0,D,BOB
1990_3,1990,3.0,,1990-08-14,1800,19.0,86.5,27.0,994.0,D,BOB
1990_3,1990,3.0,,1990-08-14,1200,19.0,87.5,27.0,994.0,D,BOB
1990_3,1990,3.0,,1990-08-15,0000,19.0,86.0,27.0,993.0,D,BOB
1990_3,1990,3.0,,1990-08-15,0600,19.5,85.0,27.0,995.0,D,BOB
1990_4,1990,4.0,,1990-08-20,1800,20.5,87.5,27.0,995.0,D,BOB
1990_4,1990,4.0,,1990-08-21,1200,20.5,84.0,27.0,991.0,D,BOB
1990_4,1990,4.0,,1990-08-21,0000,20.5,86.0,27.0,991.0,D,BOB
1990_6,1990,6.0,,1990-10-07,0600,20.5,88.0,33.0,1000.0,DD,BOB
1990_6,1990,6.0,,1990-10-07,1800,21.0,87.0,27.0,999.0,D,BOB
1990_6,1990,6.0,,1990-10-07,1200,21.0,87.5,27.0,998.0,D,BOB
1990_6,1990,6.0,,1990-10-08,0000,21.5,87.5,27.0,999.0,D,BOB
1990_7,1990,7.0,,1990-11-04,0000,19.0,84.5,27.0,1001.0,D,BOB
1991_3,1991,3.0,-,1991-07-28,1200,20.5,87.5,30.0,984.0,DD,BOB
1991_3,1991,3.0,-,1991-07-28,0600,20.5,87.8,25.0,987.0,D,BOB
1991_3,1991,3.0,-,1991-07-28,1800,21.0,87.0,30.0,986.0,DD,BOB
1991_3,1991,3.0,-,1991-07-29,0600,21.5,84.2,30.0,990.0,DD,BOB
1991_3,1991,3.0,-,1991-07-29,0000,21.5,86.5,30.0,986.0,DD,BOB
1991_4,1991,4.0,-,1991-08-22,0600,21.3,87.5,25.0,996.0,D,BOB
1991_6,1991,6.0,-,1991-10-13,0000,19.5,88.0,25.0,1000.0,D,BOB
1992_2,1992,2.0,,1992-06-17,1200,19.5,87.0,30.0,984.0,DD,BOB
1992_2,1992,2.0,,1992-06-17,600,19.5,88.0,30.0,988.0,DD,BOB
1992_2,1992,2.0,,1992-06-17,1800,20.0,86.5,30.0,980.0,DD,BOB
1992_2,1992,2.0,,1992-06-18,600,21.0,84.5,25.0,990.0,D,BOB
1992_2,1992,2.0,,1992-06-18,0,21.0,86.0,30.0,984.0,DD,BOB
1992_3,1992,3.0,,1992-07-26,1800,20.5,87.0,30.0,984.0,DD,BOB
1992_3,1992,3.0,,1992-07-26,600,20.5,87.5,30.0,986.0,DD,BOB
1992_3,1992,3.0,,1992-07-27,0,21.0,86.0,30.0,986.0,DD,BOB
1992_3,1992,3.0,,1992-07-27,600,21.5,85.0,30.0,988.0,DD,BOB
1995_3,1995,3.0,,1995-05-14,1800,19.5,86.5,25.0,998.0,D,BOB
1995_3,1995,3.0,,1995-05-15,0000,20.0,86.8,25.0,997.0,D,BOB
1995_3,1995,3.0,,1995-05-15,0300,20.5,87.0,30.0,996.0,DD,BOB
1995_3,1995,3.0,,1995-05-15,0600,21.0,87.3,30.0,996.0,DD,BOB
1995_3,1995,3.0,,1995-05-15,1200,21.5,87.5,30.0,996.0,DD,BOB
1995_3,1995,3.0,,1995-05-15,1800,21.5,88.0,30.0,996.0,DD,BOB
1995_4,1995,4.0,,1995-09-16,1800,21.0,88.0,25.0,998.0,D,BOB
1995_4,1995,4.0,,1995-09-17,0000,21.0,87.5,25.0,998.0,D,BOB
1995_5,1995,5.0,,1995-09-26,0300,21.5,87.5,25.0,1000.0,D,BOB
1995_7,1995,7.0,,1995-11-09,0300,19.0,85.0,77.0,978.0,VSCS,BOB
1995_7,1995,7.0,,1995-11-09,0600,19.5,85.0,,,SCS ,BOB
1995_7,1995,7.0,,1995-11-09,1200,21.0,85.0,,,CS,BOB
1996_7,1996,7.0,,1996-10-28,0300,19.0,87.5,30.0,998.0,DD,BOB
1996_7,1996,7.0,,1996-10-28,0600,20.0,88.0,30.0,998.0,DD,BOB
1997_3,1997,3.0,,1997-07-29,1200,21.0,87.5,25.0,1006.0,D,BOB
1997_3,1997,3.0,,1997-07-30,0600,21.0,87.0,30.0,1002.0,DD,BOB
1997_3,1997,3.0,,1997-07-30,0000,21.0,87.5,25.0,1004.0,D,BOB
1997_3,1997,3.0,,1997-07-30,1200,21.5,86.5,,,DD,BOB
1997_3,1997,3.0,,1997-07-31,0000,21.5,86.5,,,DD,BOB
1997_5,1997,5.0,,1997-08-20,1200,20.5,86.5,,,DD,BOB
1997_5,1997,5.0,,1997-08-20,0600,20.5,87.0,30.0,990.0,DD,BOB
1997_5,1997,5.0,,1997-08-20,0300,20.5,87.5,25.0,992.0,D,BOB
1997_5,1997,5.0,,1997-08-20,1800,21.0,85.5,,,DD,BOB
1997_5,1997,5.0,,1997-08-21,0600,21.0,84.0,,,DD,BOB
1997_5,1997,5.0,,1997-08-21,0300,21.0,84.5,,,DD,BOB
1997_5,1997,5.0,,1997-08-21,0000,21.0,85.0,,,DD,BOB
1997_6,1997,6.0,,1997-08-28,0600,19.5,86.0,25.0,994.0,D,BOB
1997_6,1997,6.0,,1997-08-28,0300,19.5,87.0,25.0,994.0,D,BOB
1997_6,1997,6.0,,1997-08-28,0900,20.5,85.5,,,D,BOB
1997_6,1997,6.0,,1997-08-28,1200,21.5,85.0,,,D,BOB
1997_7,1997,7.0,,1997-09-25,1800,19.5,87.0,35.0,994.0,CS,BOB
1997_7,1997,7.0,,1997-09-26,0000,19.5,87.5,35.0,994.0,CS,BOB
1997_7,1997,7.0,,1997-09-26,0300,20.0,87.5,35.0,994.0,CS,BOB
1998_9,1998,9.0,,1998-11-21,1200,19.0,87.5,65.0,984.0,VSCS,BOB
1998_9,1998,9.0,,1998-11-21,1800,19.5,87.5,65.0,984.0,VSCS,BOB
1998_9,1998,9.0,,1998-11-22,0000,20.5,88.0,65.0,984.0,VSCS,BOB
1999_3,1999,3.0,,1999-06-17,1200,19.0,85.0,30.0,986.0,DD,BOB
1999_3,1999,3.0,,1999-06-17,1800,19.5,84.5,30.0,986.0,DD,BOB
1999_3,1999,3.0,,1999-06-18,0000,19.5,84.0,,,D,BOB
1999_6,1999,6.0,,1999-10-17,1200,19.0,85.0,80.0,978.0,VSCS,BOB
1999_6,1999,6.0,,1999-10-17,1800,19.2,85.0,90.0,968.0,ESCS,BOB
1999_6,1999,6.0,,1999-10-18,0000,19.5,85.0,,,VSCS,BOB
1999_6,1999,6.0,,1999-10-18,0300,20.5,85.0,,,SCS,BOB
1999_6,1999,6.0,,1999-10-18,1500,21.0,86.5,,,DD,BOB
1999_6,1999,6.0,,1999-10-18,1200,21.5,86.5,,,CS,BOB
1999_7,1999,7.0,,1999-10-28,1500,19.0,87.5,127.0,928.0,SUCS,BOB
1999_7,1999,7.0,,1999-10-28,1800,19.3,87.0,140.0,912.0,SUCS,BOB
1999_7,1999,7.0,,1999-10-28,2100,19.3,87.2,140.0,912.0,SUCS,BOB
1999_7,1999,7.0,,1999-10-29,0000,19.6,87.0,140.0,912.0,SUCS,BOB
1999_7,1999,7.0,,1999-10-29,0300,19.9,86.7,140.0,912.0,SUCS,BOB
1999_7,1999,7.0,,1999-10-29,0600,20.5,86.0,140.0,912.0,SUCS,BOB
1999_7,1999,7.0,,1999-10-30,0000,20.5,86.0,,,SCS,BOB
1999_7,1999,7.0,,1999-10-31,0000,20.5,86.0,,,DD,BOB
1999_7,1999,7.0,,1999-10-31,0300,21.0,87.0,,,D,BOB
2001_2,2001,2.0,,2001-06-12,0300,19.5,87.0,25.0,990.0,D,BOB
2001_2,2001,2.0,,2001-06-12,1200,20.0,86.5,25.0,990.0,D,BOB
2001_2,2001,2.0,,2001-06-13,0900,21.0,85.0,25.0,994.0,D,BOB
2001_2,2001,2.0,,2001-06-13,0300,21.0,85.5,25.0,994.0,D,BOB
2001_2,2001,2.0,,2001-06-13,1200,21.5,84.5,,,L,BOB
2002_4,2002,4.0,,2002-11-12,0000,19.0,86.5,45.0,996.0,CS,BOB
2002_4,2002,4.0,,2002-11-12,0300,20.0,87.0,45.0,996.0,CS,BOB
2002_4,2002,4.0,,2002-11-12,0600,21.0,87.5,55.0,990.0,SCS,BOB
2003_2,2003,2.0,,2003-07-25,1200,21.5,88.0,30.0,988.0,DD,BOB
2003_3,2003,3.0,,2003-08-28,0300,21.0,85.5,25.0,996.0,D,BOB
2003_4,2003,4.0,,2003-10-08,1200,21.5,84.5,25.0,1000.0,D,BOB
2004_4,2004,4.0,,2004-06-12,2100,19.0,85.5,30.0,994.0,DD,BOB
2004_4,2004,4.0,,2004-06-13,0000,19.5,85.5,30.0,992.0,DD,BOB
2004_4,2004,4.0,,2004-06-13,0900,20.0,85.5,30.0,992.0,DD,BOB
2004_4,2004,4.0,,2004-06-13,1200,20.5,85.5,30.0,992.0,DD,BOB
2004_4,2004,4.0,,2004-06-14,0300,21.5,84.0,30.0,992.0,DD,BOB
2005_4,2005,4.0,HIBARU,2005-07-29,0300,21.5,87.5,25.0,992.0,D,BOB
2005_4,2005,4.0,HIBARU,2005-07-30,1200,21.5,85.5,30.0,988.0,DD,BOB
2005_4,2005,4.0,HIBARU,2005-07-30,0300,21.5,87.5,30.0,990.0,DD,BOB
2005_4,2005,4.0,HIBARU,2005-07-31,0300,21.5,85.5,30.0,990.0,DD,BOB
2005_5,2005,5.0,"CENTRAL MADHYA PRADESH ON THE MORNING OF AUGUST 1, 2005",2005-09-12,0300,20.0,88.0,25.0,992.0,D,BOB
2005_5,2005,5.0,"CENTRAL MADHYA PRADESH ON THE MORNING OF AUGUST 1, 2005",2005-09-12,1200,21.0,85.0,25.0,992.0,D,BOB
2005_5,2005,5.0,"CENTRAL MADHYA PRADESH ON THE MORNING OF AUGUST 1, 2005",2005-09-13,0300,21.5,84.0,25.0,992.0,D,BOB
2005_7,2005,7.0,PYARR,2005-09-18,1800,19.0,85.5,35.0,990.0,CS,BOB
2005_7,2005,7.0,PYARR,2005-09-18,1200,19.5,86.5,35.0,994.0,CS,BOB
2005_7,2005,7.0,PYARR,2005-09-18,0900,19.5,87.0,30.0,996.0,DD,BOB
2005_7,2005,7.0,PYARR,2005-09-18,0600,20.0,87.5,30.0,996.0,DD,BOB
2005_7,2005,7.0,PYARR,2005-09-18,0300,20.5,87.5,30.0,996.0,DD,BOB
2006_11,2006,11.0,MUKDA,2006-09-28,2100,19.0,87.0,25.0,1002.0,D,BOB
2006_11,2006,11.0,MUKDA,2006-09-29,2100,19.0,84.0,25.0,1002.0,D,BOB
2006_11,2006,11.0,MUKDA,2006-09-29,1200,19.0,84.5,25.0,1002.0,D,BOB
2006_11,2006,11.0,MUKDA,2006-09-29,0900,19.0,85.0,25.0,1002.0,D,BOB
2006_11,2006,11.0,MUKDA,2006-09-29,0600,19.0,85.5,25.0,1002.0,D,BOB
2006_11,2006,11.0,MUKDA,2006-09-29,0300,19.0,86.0,25.0,1002.0,D,BOB
2006_11,2006,11.0,MUKDA,2006-09-29,0000,19.0,86.5,25.0,1002.0,D,BOB
2006_3,2006,3.0,MALA,2006-07-02,1800,20.5,86.0,30.0,982.0,DD,BOB
2006_3,2006,3.0,MALA,2006-07-02,1500,20.5,87.0,30.0,982.0,DD,BOB
2006_3,2006,3.0,MALA,2006-07-02,1200,20.5,88.0,30.0,988.0,DD,BOB
2006_3,2006,3.0,MALA,2006-07-03,0000,20.5,85.5,30.0,982.0,DD,BOB
2006_3,2006,3.0,MALA,2006-07-03,1200,21.0,84.0,30.0,982.0,DD,BOB
2006_3,2006,3.0,MALA,2006-07-03,0900,21.0,84.5,30.0,982.0,DD,BOB
2006_4,2006,4.0,MALA,2006-08-02,2100,20.0,85.5,30.0,986.0,DD,BOB
2006_4,2006,4.0,MALA,2006-08-02,1800,20.0,86.0,30.0,986.0,DD,BOB
2006_4,2006,4.0,MALA,2006-08-02,1200,20.0,86.5,30.0,986.0,DD,BOB
2006_4,2006,4.0,MALA,2006-08-02,0900,20.0,87.0,30.0,988.0,DD,BOB
2006_4,2006,4.0,MALA,2006-08-02,0300,20.5,87.5,25.0,990.0,D,BOB
2006_4,2006,4.0,MALA,2006-08-03,1200,19.5,84.0,30.0,986.0,DD,BOB
2006_4,2006,4.0,MALA,2006-08-03,0900,19.5,84.5,30.0,986.0,DD,BOB
2006_4,2006,4.0,MALA,2006-08-03,0300,19.5,85.0,30.0,986.0,DD,BOB
2006_5,2006,5.0,MALA,2006-08-12,0900,21.0,87.5,25.0,992.0,D,BOB
2006_5,2006,5.0,MALA,2006-08-12,0300,21.0,88.0,25.0,992.0,D,BOB
2006_6,2006,6.0,MALA,2006-08-16,1800,20.5,86.0,25.0,988.0,D,BOB
2006_6,2006,6.0,MALA,2006-08-16,1500,20.5,86.5,25.0,988.0,D,BOB
2006_6,2006,6.0,MALA,2006-08-16,1200,20.5,87.0,25.0,990.0,D,BOB
2006_6,2006,6.0,MALA,2006-08-16,0600,20.5,87.5,25.0,990.0,D,BOB
2006_6,2006,6.0,MALA,2006-08-16,0300,20.5,88.0,25.0,990.0,D,BOB
2006_6,2006,6.0,MALA,2006-08-16,2100,21.0,85.0,25.0,988.0,D,BOB
2006_6,2006,6.0,MALA,2006-08-17,0000,21.5,84.5,25.0,988.0,D,BOB
2006_7,2006,7.0,MALA,2006-08-29,0600,20.5,86.5,25.0,992.0,D,BOB
2006_7,2006,7.0,MALA,2006-08-29,0300,20.5,87.5,25.0,992.0,D,BOB
2006_7,2006,7.0,MALA,2006-08-29,1800,21.0,84.0,25.0,990.0,D,BOB
2006_7,2006,7.0,MALA,2006-08-29,1200,21.0,84.5,25.0,990.0,D,BOB
2006_7,2006,7.0,MALA,2006-08-29,0900,21.0,85.0,25.0,990.0,D,BOB
2006_8,2006,8.0,MALA,2006-09-03,1800,20.5,87.5,25.0,992.0,D,BOB
2006_8,2006,8.0,MALA,2006-09-03,1500,20.5,88.0,25.0,992.0,D,BOB
2006_8,2006,8.0,MALA,2006-09-04,0300,21.0,86.5,25.0,992.0,D,BOB
2006_8,2006,8.0,MALA,2006-09-04,0000,21.0,87.0,25.0,992.0,D,BOB
2006_8,2006,8.0,MALA,2006-09-04,0900,21.5,85.0,25.0,992.0,D,BOB
2006_8,2006,8.0,MALA,2006-09-04,0600,21.5,85.5,25.0,992.0,D,BOB
2007_6,2007,6.0,YEMYIN,2007-06-28,1200.0,19.0,86.0,30.0,986.0,DD,BOB
2007_6,2007,6.0,YEMYIN,2007-06-28,900.0,19.0,86.5,30.0,986.0,DD,BOB
2007_6,2007,6.0,YEMYIN,2007-06-28,2100.0,19.5,86.0,30.0,986.0,DD,BOB
2007_6,2007,6.0,YEMYIN,2007-06-29,0.0,19.5,86.0,30.0,986.0,DD,BOB
2007_6,2007,6.0,YEMYIN,2007-06-29,300.0,20.0,86.0,30.0,988.0,DD,BOB
2007_6,2007,6.0,YEMYIN,2007-06-29,1500.0,20.5,84.0,30.0,988.0,DD,BOB
2007_6,2007,6.0,YEMYIN,2007-06-29,1200.0,20.5,84.5,30.0,988.0,DD,BOB
2007_6,2007,6.0,YEMYIN,2007-06-29,900.0,20.5,85.0,30.0,988.0,DD,BOB
2007_6,2007,6.0,YEMYIN,2007-06-29,600.0,20.5,85.5,30.0,988.0,DD,BOB
2007_8,2007,8.0,YEMYIN,2007-05-08,1800.0,20.0,87.5,30.0,988.0,DD,BOB
2007_8,2007,8.0,YEMYIN,2007-05-08,1200.0,20.0,88.0,25.0,990.0,D,BOB
2007_8,2007,8.0,YEMYIN,2007-05-08,2100.0,20.5,87.5,30.0,984.0,DD,BOB
2007_8,2007,8.0,"Crossed Orissa coast between Chandbali and Paradip between 0100 & 0200 UTC of 6 Augast,2007",2007-06-08,1800.0,20.5,84.0,30.0,992.0,DD,BOB
2007_8,2007,8.0,"Crossed Orissa coast between Chandbali and Paradip between 0100 & 0200 UTC of 6 Augast,2007",2007-06-08,900.0,20.5,84.5,30.0,990.0,DD,BOB
2007_8,2007,8.0,"Crossed Orissa coast between Chandbali and Paradip between 0100 & 0200 UTC of 6 Augast,2007",2007-06-08,600.0,20.5,85.0,30.0,992.0,DD,BOB
2007_8,2007,8.0,"Crossed Orissa coast between Chandbali and Paradip between 0100 & 0200 UTC of 6 Augast,2007",2007-06-08,300.0,20.5,86.0,30.0,990.0,DD,BOB
2007_8,2007,8.0,YEMYIN,2007-06-08,0.0,20.5,87.0,30.0,988.0,DD,BOB
2008_5,2008,5.0,The system crossed Bangladesh coast between 1100 UTC & 1200 UTC near 89.50 E. ,2008-09-15,1800.0,19.5,88.0,25.0,986.0,D,BOB
2008_5,2008,5.0,The system crossed Bangladesh coast between 1100 UTC & 1200 UTC near 89.50 E. ,2008-09-16,300.0,19.5,88.0,25.0,994.0,D,BOB
2008_5,2008,5.0,The system crossed Bangladesh coast between 1100 UTC & 1200 UTC near 89.50 E. ,2008-09-16,600.0,20.0,87.5,30.0,994.0,DD,BOB
2008_5,2008,5.0,The system crossed Bangladesh coast between 1100 UTC & 1200 UTC near 89.50 E. ,2008-09-16,900.0,20.5,87.0,30.0,990.0,DD,BOB
2008_5,2008,5.0,The system cross the Orissa coast near Chandbali between  1600 &1700 UTC,2008-09-16,1800.0,21.0,86.5,30.0,988.0,DD,BOB
2008_5,2008,5.0,The system crossed Bangladesh coast between 1100 UTC & 1200 UTC near 89.50 E. ,2008-09-16,1500.0,21.0,87.0,30.0,986.0,DD,BOB
2008_5,2008,5.0,The system cross the Orissa coast near Chandbali between  1600 &1700 UTC,2008-09-17,0.0,21.0,86.0,30.0,992.0,DD,BOB
2008_5,2008,5.0,The system cross the Orissa coast near Chandbali between  1600 &1700 UTC,2008-09-17,300.0,21.5,85.5,30.0,992.0,DD,BOB
2008_7,2008,7.0,RASHMI,2008-10-26,1200.0,19.5,88.0,35.0,996.0,CS,BOB
2009_1,2009,1.0,BIJLI,2009-04-16,1800.0,19.5,87.0,40.0,996.0,CS,BOB
2009_1,2009,1.0,BIJLI,2009-04-16,2100.0,20.0,87.5,40.0,996.0,CS,BOB
2009_1,2009,1.0,BIJLI,2009-04-17,0.0,20.5,88.0,40.0,996.0,CS,BOB
2009_2,2009,2.0,AILA,2009-05-24,2100.0,20.0,88.0,40.0,984.0,CS,BOB
2009_2,2009,2.0,AILA,2009-05-25,0.0,20.0,88.0,40.0,980.0,CS,BOB
2009_2,2009,2.0,AILA,2009-05-25,300.0,20.5,88.0,50.0,978.0,CS,BOB
2009_2,2009,2.0,AILA,2009-05-25,600.0,21.5,88.0,55.0,974.0,SCS,BOB
2009_5,2009,5.0,Sub Himalayan West Bengal and neighbourhood at 0900 UTC of 26 May.,2009-07-20,1200.0,21.0,88.0,30.0,988.0,DD,BOB
2009_5,2009,5.0,The system crossed north Orissa-West Bengal coast between Balasore and Digha during 1600 & 1700 UTC of 20 July.,2009-07-20,1800.0,21.5,87.0,30.0,992.0,DD,BOB
2009_6,2009,6.0,The system weakened into a well marked low pressure area at 0900 UTC of 21 July.,2009-05-09,0.0,20.5,88.0,25.0,990.0,D,BOB
2009_6,2009,6.0,The system weakened into a well marked low pressure area at 0900 UTC of 21 July.,2009-05-09,300.0,21.0,87.5,30.0,988.0,DD,BOB
2009_6,2009,6.0,The system weakened into a well marked low pressure area at 0900 UTC of 21 July.,2009-05-09,600.0,21.5,88.0,30.0,988.0,DD,BOB
2010_4,2010,4.0,--,2010-10-07,1800,19.0,85.5,25.0,996.0,D,BOB
2010_4,2010,4.0,--,2010-10-08,0000,20.0,86.5,25.0,998.0,D,BOB
2010_4,2010,4.0,--,2010-10-08,0300,21.0,87.5,25.0,998.0,D,BOB
2010_5,2010,5.0,--,2010-10-15,1800,19.0,84.5,30.0,996.0,DD,BOB
2010_5,2010,5.0,--,2010-10-15,0300,19.0,87.0,30.0,996.0,DD,BOB
2010_5,2010,5.0,--,2010-10-15,1200,19.5,85.5,30.0,995.0,DD,BOB
2010_5,2010,5.0,--,2010-10-15,0600,19.5,86.0,30.0,996.0,DD,BOB
2010_5,2010,5.0,--,2010-10-16,0000,19.0,84.0,25.0,998.0,D,BOB
2011_5,2011,5.0,--,2011-09-22,0300,21.5,87.5,25.0,998.0,D,BOB
2013_3,2013,3.0,--,2013-07-30,300,21.0,88.0,25.0,990.0,D,BOB
2013_3,2013,3.0,--,2013-07-30,600,21.5,87.5,25.0,990.0,D,BOB
2013_5,2013,5.0,PHAILIN,2013-10-12,1500,19.1,85.2,115.0,940.0,ESCS,BOB
2013_5,2013,5.0,PHAILIN,2013-10-12,1800,19.5,84.8,100.0,956.0,ESCS,BOB
2013_5,2013,5.0,PHAILIN,2013-10-12,2100,20.0,84.5,90.0,966.0,ESCS,BOB
2013_5,2013,5.0,PHAILIN,2013-10-13,0,20.5,84.5,75.0,976.0,VSCS,BOB
2013_5,2013,5.0,PHAILIN,2013-10-13,300,21.0,84.0,55.0,990.0,SCS,BOB
2013_5,2013,5.0,PHAILIN,2013-10-13,600,21.5,84.0,40.0,992.0,CS,BOB
2015_2,2015,2.0,ASHOBAA,2015-06-20,1200.0,19.0,85.5,25.0,990.0,D,BOB
2015_2,2015,2.0,ASHOBAA,2015-06-20,1800.0,19.2,85.4,25.0,990.0,D,BOB
2015_2,2015,2.0,ASHOBAA,2015-06-21,0.0,19.7,85.0,25.0,992.0,D,BOB
2015_2,2015,2.0,ASHOBAA,2015-06-21,600.0,20.0,84.5,25.0,992.0,D,BOB
2015_2,2015,2.0,ASHOBAA,2015-06-21,300.0,20.0,85.0,25.0,992.0,D,BOB
2015_2,2015,2.0,ASHOBAA,2015-06-21,1200.0,20.5,84.5,25.0,992.0,D,BOB
2015_2,2015,2.0,ASHOBAA,2015-06-21,1800.0,21.0,84.5,25.0,992.0,D,BOB
2016_1,2016,1.0,ROANU,2016-05-20,1200,19.7,86.5,40.0,988.0,CS,BOB
2016_1,2016,1.0,ROANU,2016-05-20,1500,20.1,87.1,40.0,986.0,CS,BOB
2016_1,2016,1.0,ROANU,2016-05-20,1800,20.4,87.7,45.0,984.0,CS,BOB
2017_10,2017,10.0,OCKHI,2017-09-12,0000,19.0,86.3,25.0,1004.0,D,BOB
2017_10,2017,10.0,OCKHI,2017-09-12,0300,19.2,86.5,25.0,1004.0,D,BOB
2017_10,2017,10.0,OCKHI,2017-09-12,0600,19.5,86.7,25.0,1004.0,D,BOB
2017_4,2017,4.0,MORA,2017-07-18,0000,19.0,86.0,25.0,992.0,D,BOB
2017_4,2017,4.0,MORA,2017-07-18,0600,19.5,85.5,25.0,992.0,D,BOB
2017_4,2017,4.0,MORA,2017-07-18,1200,19.9,85.3,25.0,992.0,D,BOB
2017_4,2017,4.0,MORA,2017-07-19,0000,20.1,85.2,25.0,994.0,D,BOB
2017_7,2017,7.0,MORA,2017-10-19,1200,20.0,86.5,25.0,998.0,D,BOB
2018_10,2018,10.0,DAYE,2018-09-20,1800,19.2,85.0,35.0,992.0,CS,BOB
2018_10,2018,10.0,DAYE,2018-09-21,2100,19.6,84.4,35.0,993.0,CS,BOB
2018_12,2018,12.0,TITLI,2018-10-11,0300,19.0,84.1,65.0,985.0,VSCS,BOB
2018_12,2018,12.0,TITLI,2018-10-11,1500,20.1,84.0,40.0,998.0,CS,BOB
2018_12,2018,12.0,TITLI,2018-10-11,1800,20.3,84.3,30.0,999.0,DD,BOB
2018_12,2018,12.0,TITLI,2018-10-12,0000,20.5,84.7,30.0,1000.0,DD,BOB
2018_12,2018,12.0,TITLI,2018-10-12,0300,20.6,84.9,30.0,1001.0,DD,BOB
2018_12,2018,12.0,TITLI,2018-10-12,0600,20.8,85.2,30.0,1001.0,DD,BOB
2018_12,2018,12.0,TITLI,2018-10-12,0900,20.9,85.5,25.0,1002.0,D,BOB
2018_12,2018,12.0,TITLI,2018-10-12,1200,21.2,86.1,25.0,1002.0,D,BOB
2018_6,2018,6.0,MEKUNU,2018-07-21,0300,21.0,88.0,25.0,989.0,D,BOB
2018_6,2018,6.0,MEKUNU,2018-07-21,0600,21.4,87.7,25.0,989.0,D,BOB
2018_6,2018,6.0,MEKUNU,2018-07-21,0900,21.5,87.6,30.0,988.0,DD,BOB
2018_7,2018,7.0,MEKUNU,2018-08-07,1200,21.5,87.0,25.0,994.0,D,BOB
2018_7,2018,7.0,MEKUNU,2018-08-07,0900,21.5,87.5,25.0,992.0,D,BOB
2019_2,2019,2.0,Fani,2019-05-03,0000,19.1,85.5,105.0,945.0,ESCS,BOB
2019_2,2019,2.0,Fani,2019-05-03,0300,19.6,85.7,100.0,952.0,ESCS,BOB
2019_2,2019,2.0,Fani,2019-05-03,0600,20.2,85.9,85.0,966.0,VSCS,BOB
2019_2,2019,2.0,Fani,2019-05-03,0900,20.6,86.0,75.0,970.0,VSCS,BOB
2019_2,2019,2.0,Fani,2019-05-03,1200,21.1,86.5,70.0,976.0,VSCS,BOB
2019_2,2019,2.0,Fani,2019-05-03,1500,21.5,86.7,60.0,980.0,SCS,BOB
2019_4,2019,4.0,Vayu,2019-08-06,0300,20.5,88.0,25.0,990.0,D,BOB
2019_4,2019,4.0,Vayu,2019-08-06,1200,20.7,87.8,25.0,990.0,D,BOB
2019_4,2019,4.0,Vayu,2019-08-06,1800,20.8,87.6,25.0,990.0,D,BOB
2019_4,2019,4.0,Vayu,2019-08-07,0000,21.0,87.4,30.0,988.0,DD,BOB
2019_4,2019,4.0,Vayu,2019-08-07,0300,21.1,87.4,30.0,988.0,DD,BOB
2019_4,2019,4.0,Vayu,2019-08-07,0600,21.2,87.2,30.0,988.0,DD,BOB
2019_9,2019,9.0,BULBUL,2019-11-08,1500,19.2,87.7,75.0,976.0,VSCS,BOB
2019_9,2019,9.0,BULBUL,2019-11-08,1800,19.3,87.6,75.0,976.0,VSCS,BOB
2019_9,2019,9.0,BULBUL,2019-11-08,2100,19.6,87.7,75.0,976.0,VSCS,BOB
2019_9,2019,9.0,BULBUL,2019-11-09,0000,20.0,87.6,75.0,976.0,VSCS,BOB
2019_9,2019,9.0,BULBUL,2019-11-09,0300,20.4,87.6,70.0,980.0,VSCS,BOB
2019_9,2019,9.0,BULBUL,2019-11-09,0600,20.6,87.8,70.0,982.0,VSCS,BOB
2019_9,2019,9.0,BULBUL,2019-11-09,0900,20.9,87.9,70.0,982.0,VSCS,BOB
2020_1,2020,1.0,AMPHAN,2020-05-20,0000,19.1,87.5,95.0,952.0,ESCS,BOB
2020_1,2020,1.0,AMPHAN,2020-05-20,0300,19.8,87.7,95.0,954.0,ESCS,BOB
2020_1,2020,1.0,AMPHAN,2020-05-20,0600,20.6,88.0,90.0,956.0,ESCS,BOB
2020_6,2020,6.0,NISARGA,2020-10-22,0600,19.0,87.0,25.0,998.0,D,BOB
2020_6,2020,6.0,NISARGA,2020-10-22,1200,19.7,87.3,25.0,998.0,D,BOB
2020_6,2020,6.0,NISARGA,2020-10-22,1800,20.2,87.6,25.0,998.0,D,BOB
2021_10,2021,10.0,JAWAD,,0600,19.1,85.9,30.0,1003.0,DD,BOB
2021_10,2021,10.0,JAWAD,,0900,19.5,86.2,25.0,1004.0,D,BOB
2021_10,2021,10.0,JAWAD,,1200,20.1,86.9,25.0,1004.0,D,BOB
2021_10,2021,10.0,JAWAD,,1800,20.6,87.3,25.0,1004.0,D,BOB
2021_3,2021,3.0,YAAS,2021-05-26,0000,20.8,87.3,75.0,970.0,VSCS,BOB
2021_3,2021,3.0,YAAS,,1200,19.5,88.0,65.0,976.0,VSCS,BOB
2021_3,2021,3.0,YAAS,,1500,19.8,87.9,65.0,976.0,VSCS,BOB
2021_3,2021,3.0,YAAS,,1800,20.1,87.8,70.0,974.0,VSCS,BOB
2021_3,2021,3.0,YAAS,,2100,20.4,87.6,75.0,970.0,VSCS,BOB
2021_3,2021,3.0,YAAS,,0300,21.2,87.1,75.0,970.0,VSCS,BOB
2021_3,2021,3.0,YAAS,,0600,21.4,86.9,75.0,970.0,VSCS,BOB
2021_4,2021,4.0,YAAS,2021-09-12,1200,20.3,87.4,25.0,992.0,D,BOB
2021_4,2021,4.0,YAAS,2021-09-13,0,20.6,87.0,30.0,990.0,DD,BOB
2021_4,2021,4.0,YAAS,,1800,20.4,87.1,25.0,992.0,D,BOB
2021_4,2021,4.0,YAAS,,300,20.9,86.5,30.0,990.0,DD,BOB
2021_4,2021,4.0,YAAS,,600,21.1,86.2,30.0,990.0,DD,BOB
2021_4,2021,4.0,YAAS,,1200,21.4,85.5,30.0,990.0,DD,BOB
2023_7,2023,7.0,HAMOON,2023-10-23,1800,19.1,88.0,40.0,998.0,CS,BOB
2023_8,2023,8.0,MIDHILI,2023-11-16,1800,19.1,88.0,30.0,1002.0,DD,BOB
2024_11,2024,11.0,DANA,2024-10-25,0000,21.0,86.8,50.0,990.0,SCS,BOB
2024_11,2024,11.0,DANA,,0600,19.2,87.8,55.0,988.0,SCS,BOB
2024_11,2024,11.0,DANA,,0900,19.4,87.6,60.0,986.0,SCS,BOB
2024_11,2024,11.0,DANA,,1200,19.8,87.5,60.0,986.0,SCS,BOB
2024_11,2024,11.0,DANA,,1500,20.1,87.3,60.0,986.0,SCS,BOB
2024_11,2024,11.0,DANA,,1800,20.5,87.1,55.0,988.0,SCS,BOB
2024_11,2024,11.0,DANA,,2100,20.7,87.0,55.0,988.0,SCS,BOB
2024_11,2024,11.0,DANA,,0300,21.2,86.7,45.0,994.0,CS,BOB
2024_11,2024,11.0,DANA,,0600,21.3,86.6,35.0,997.0,CS,BOB
2024_11,2024,11.0,DANA,,1800,21.4,86.2,25.0,1000.0,D,BOB
2024_11,2024,11.0,DANA,,1200,21.4,86.3,30.0,999.0,DD,BOB
2024_11,2024,11.0,DANA,,0900,21.4,86.4,30.0,998.0,DD,BOB
2024_2,2024,2.0,REMAL,2024-07-19,0300,19.1,86.2,25.0,992.0,D,BOB
2024_2,2024,2.0,REMAL,2024-07-20,0000,19.6,85.5,25.0,991.0,D,BOB
2024_2,2024,2.0,REMAL,,0600,19.2,86.0,25.0,992.0,D,BOB
2024_2,2024,2.0,REMAL,,1200,19.4,85.7,25.0,990.0,D,BOB
2024_2,2024,2.0,REMAL,,1800,19.5,85.6,25.0,990.0,D,BOB
2024_2,2024,2.0,REMAL,,0300,19.6,85.5,25.0,992.0,D,BOB
2024_2,2024,2.0,REMAL,,0600,19.7,85.4,25.0,992.0,D,BOB
2024_6,2024,6.0,ASNA,2024-09-09,0000,19.3,86.2,30.0,991.0,DD,BOB
2024_6,2024,6.0,ASNA,,0300,19.6,86.2,30.0,991.0,DD,BOB
2024_6,2024,6.0,ASNA,,0600,20.0,86.0,30.0,992.0,DD,BOB
2024_6,2024,6.0,ASNA,,1200,20.8,85.1,30.0,994.0,DD,BOB
2024_6,2024,6.0,ASNA,,1800,21.3,84.4,25.0,995.0,D,BOB
2025_10,2025,10.0,,2025-10-02,1200,19.4,84.9,30.0,996.0,DD,BOB
2025_10,2025,10.0,,2025-10-02,1800,19.8,84.4,30.0,997.0,DD,BOB
2025_10,2025,10.0,,2025-10-03,0000,20.2,84.1,25.0,999.0,D,BOB
2025_7,2025,7.0,,2025-08-18,1800,19.0,84.9,20.0,996.0,D,BOB
2025_7,2025,7.0,,2025-08-19,0000,19.3,84.8,20.0,996.0,D,BOB
2025_7,2025,7.0,,2025-08-19,0300,19.8,84.0,20.0,996.0,D,BOB
2025_9,2025,9.0,,2025-09-26,1800,19.3,85.5,25.0,998.0,D,BOB
2025_9,2025,9.0,,2025-09-26,1200,19.3,86.1,25.0,998.0,D,BOB
2025_9,2025,9.0,,2025-09-27,0300,19.3,84.2,25.0,998.0,D,BOB
2025_9,2025,9.0,,2025-09-27,0000,19.3,84.8,25.0,998.0,D,BOB
