village,vlcode,block,district,flood_hazard_category,flood_hazard_score,flood_occurrence_range,flood_data_source
Birin Dola,396779,Marsaghai,Kendrapara,LOW,0.3,2-4 times,OSDMA/NRSC Flood Hazard Atlas 2001-2018
Gopei,396731,Marsaghai,Kendrapara,VERY LOW,0.1,1 time,OSDMA/NRSC Flood Hazard Atlas 2001-2018
Bilabalarampur,396712,Marsaghai,Kendrapara,LOW,0.3,2-4 times,OSDMA/NRSC Flood Hazard Atlas 2001-2018
Mandia,396795,Marsaghai,Kendrapara,LOW,0.3,2-4 times,OSDMA/NRSC Flood Hazard Atlas 2001-2018
Arimula,396722,Marsaghai,Kendrapara,NO_DATA,0.0,NO_DATA,OSDMA/NRSC Flood Hazard Atlas 2001-2018
Gajipithi,396776,Marsaghai,Kendrapara,LOW,0.3,2-4 times,OSDMA/NRSC Flood Hazard Atlas 2001-2018
Agar Bindha,396728,Marsaghai,Kendrapara,LOW,0.3,2-4 times,OSDMA/NRSC Flood Hazard Atlas 2001-2018
Talagan,396710,Marsaghai,Kendrapara,VERY LOW,0.1,1 time,OSDMA/NRSC Flood Hazard Atlas 2001-2018
Karandia Patna,396715,Marsaghai,Kendrapara,VERY LOW,0.1,1 time,OSDMA/NRSC Flood Hazard Atlas 2001-2018
Jalopoka,396702,Marsaghai,Kendrapara,VERY LOW,0.1,1 time,OSDMA/NRSC Flood Hazard Atlas 2001-2018
Karilo Patana,396709,Marsaghai,Kendrapara,VERY LOW,0.1,1 time,OSDMA/NRSC Flood Hazard Atlas 2001-2018
Akhuadakhini,396796,Marsaghai,Kendrapara,LOW,0.3,2-4 times,OSDMA/NRSC Flood Hazard Atlas 2001-2018
Pokshyot,396701,Marsaghai,Kendrapara,VERY LOW,0.1,1 time,OSDMA/NRSC Flood Hazard Atlas 2001-2018
Hantapada,396708,Marsaghai,Kendrapara,VERY LOW,0.1,1 time,OSDMA/NRSC Flood Hazard Atlas 2001-2018
Abhaypur,396778,Marsaghai,Kendrapara,LOW,0.3,2-4 times,OSDMA/NRSC Flood Hazard Atlas 2001-2018
Orisbindha,396777,Marsaghai,Kendrapara,LOW,0.3,2-4 times,OSDMA/NRSC Flood Hazard Atlas 2001-2018
Raichand,396732,Marsaghai,Kendrapara,VERY LOW,0.1,1 time,OSDMA/NRSC Flood Hazard Atlas 2001-2018
Gaudagan,396714,Marsaghai,Kendrapara,LOW,0.3,2-4 times,OSDMA/NRSC Flood Hazard Atlas 2001-2018
Jokia,396780,Marsaghai,Kendrapara,LOW,0.3,2-4 times,OSDMA/NRSC Flood Hazard Atlas 2001-2018
Dalaanta,396725,Marsaghai,Kendrapara,LOW,0.3,2-4 times,OSDMA/NRSC Flood Hazard Atlas 2001-2018
Raghunatha Pur,396723,Marsaghai,Kendrapara,LOW,0.3,2-4 times,OSDMA/NRSC Flood Hazard Atlas 2001-2018
Jamapada,396724,Marsaghai,Kendrapara,LOW,0.3,2-4 times,OSDMA/NRSC Flood Hazard Atlas 2001-2018
Naranpur,396707,Marsaghai,Kendrapara,VERY LOW,0.1,1 time,OSDMA/NRSC Flood Hazard Atlas 2001-2018
Dihabalarampur,396713,Marsaghai,Kendrapara,LOW,0.3,2-4 times,OSDMA/NRSC Flood Hazard Atlas 2001-2018
Aitpur,396711,Marsaghai,Kendrapara,VERY LOW,0.1,1 time,OSDMA/NRSC Flood Hazard Atlas 2001-2018
Odang,396781,Marsaghai,Kendrapara,LOW,0.3,2-4 times,OSDMA/NRSC Flood Hazard Atlas 2001-2018
Surtipur,396490,Marsaghai,Kendrapara,VERY LOW,0.1,1 time,OSDMA/NRSC Flood Hazard Atlas 2001-2018
Gobindpur,395658,Rajkanika,Kendrapara,LOW,0.3,2-4 times,OSDMA/NRSC Flood Hazard Atlas 2001-2018
Laxmiprasad,395975,Rajnagar,Kendrapara,NO_DATA,0.0,NO_DATA,OSDMA/NRSC Flood Hazard Atlas 2001-2018
Padmanavpatna,396054,Rajnagar,Kendrapara,NO_DATA,0.0,NO_DATA,OSDMA/NRSC Flood Hazard Atlas 2001-2018
Ratanpur,396893,Marsaghai,Kendrapara,LOW,0.3,2-4 times,OSDMA/NRSC Flood Hazard Atlas 2001-2018
Khamaganbindha,396940,Marsaghai,Kendrapara,LOW,0.3,2-4 times,OSDMA/NRSC Flood Hazard Atlas 2001-2018
Potari,396892,Marsaghai,Kendrapara,VERY HIGH,1.0,10-14 times,OSDMA/NRSC Flood Hazard Atlas 2001-2018
Raipur,396958,Mahakalapada,Kendrapara,HIGH,0.8,7-9 times,OSDMA/NRSC Flood Hazard Atlas 2001-2018
Samjori,396954,Mahakalapada,Kendrapara,HIGH,0.8,7-9 times,OSDMA/NRSC Flood Hazard Atlas 2001-2018
Pailo,396872,Marsaghai,Kendrapara,VERY HIGH,1.0,10-14 times,OSDMA/NRSC Flood Hazard Atlas 2001-2018
Barunei,396075,Rajnagar,Kendrapara,VERY LOW,0.1,1 time,OSDMA/NRSC Flood Hazard Atlas 2001-2018
Madhuraganda Khamar,396953,Mahakalapada,Kendrapara,HIGH,0.8,7-9 times,OSDMA/NRSC Flood Hazard Atlas 2001-2018
Khurusia,396962,Mahakalapada,Kendrapara,HIGH,0.8,7-9 times,OSDMA/NRSC Flood Hazard Atlas 2001-2018
Nachhipada,396888,Marsaghai,Kendrapara,NO_DATA,0.0,NO_DATA,OSDMA/NRSC Flood Hazard Atlas 2001-2018
Manikipur,396880,Marsaghai,Kendrapara,LOW,0.3,2-4 times,OSDMA/NRSC Flood Hazard Atlas 2001-2018
Gopalapur,396948,Mahakalapada,Kendrapara,NO_DATA,0.0,NO_DATA,OSDMA/NRSC Flood Hazard Atlas 2001-2018
Mantei,396874,Marsaghai,Kendrapara,NO_DATA,0.0,NO_DATA,OSDMA/NRSC Flood Hazard Atlas 2001-2018
Antei,396873,Marsaghai,Kendrapara,VERY HIGH,1.0,10-14 times,OSDMA/NRSC Flood Hazard Atlas 2001-2018
Beruhan,396942,Marsaghai,Kendrapara,NO_DATA,0.0,NO_DATA,OSDMA/NRSC Flood Hazard Atlas 2001-2018
Khamagan,396882,Marsaghai,Kendrapara,LOW,0.3,2-4 times,OSDMA/NRSC Flood Hazard Atlas 2001-2018
Naladiapalanda,396956,Mahakalapada,Kendrapara,VERY LOW,0.1,1 time,OSDMA/NRSC Flood Hazard Atlas 2001-2018
Badaghai,396955,Mahakalapada,Kendrapara,LOW,0.3,2-4 times,OSDMA/NRSC Flood Hazard Atlas 2001-2018
Batira,396887,Marsaghai,Kendrapara,VERY LOW,0.1,1 time,OSDMA/NRSC Flood Hazard Atlas 2001-2018
Nuagan,396945,Mahakalapada,Kendrapara,NO_DATA,0.0,NO_DATA,OSDMA/NRSC Flood Hazard Atlas 2001-2018
Dhaniapada,396944,Mahakalapada,Kendrapara,VERY HIGH,1.0,10-14 times,OSDMA/NRSC Flood Hazard Atlas 2001-2018
Madhusudanpur,396891,Marsaghai,Kendrapara,LOW,0.3,2-4 times,OSDMA/NRSC Flood Hazard Atlas 2001-2018
Sereinpur,396951,Mahakalapada,Kendrapara,HIGH,0.8,7-9 times,OSDMA/NRSC Flood Hazard Atlas 2001-2018
Ramachandrapur,396884,Marsaghai,Kendrapara,LOW,0.3,2-4 times,OSDMA/NRSC Flood Hazard Atlas 2001-2018
Baripal,396886,Marsaghai,Kendrapara,LOW,0.3,2-4 times,OSDMA/NRSC Flood Hazard Atlas 2001-2018
Balighai,396885,Marsaghai,Kendrapara,NO_DATA,0.0,NO_DATA,OSDMA/NRSC Flood Hazard Atlas 2001-2018
Mangarajpur,396890,Marsaghai,Kendrapara,VERY HIGH,1.0,10-14 times,OSDMA/NRSC Flood Hazard Atlas 2001-2018
Ameipal,396952,Mahakalapada,Kendrapara,HIGH,0.8,7-9 times,OSDMA/NRSC Flood Hazard Atlas 2001-2018
Tikhiri,396946,Mahakalapada,Kendrapara,VERY HIGH,1.0,10-14 times,OSDMA/NRSC Flood Hazard Atlas 2001-2018
Balisuan,396947,Mahakalapada,Kendrapara,NO_DATA,0.0,NO_DATA,OSDMA/NRSC Flood Hazard Atlas 2001-2018
Mahanangala,396957,Mahakalapada,Kendrapara,HIGH,0.8,7-9 times,OSDMA/NRSC Flood Hazard Atlas 2001-2018
Alifa,396943,Marsaghai,Kendrapara,LOW,0.3,2-4 times,OSDMA/NRSC Flood Hazard Atlas 2001-2018
Kalagarh,396959,Mahakalapada,Kendrapara,HIGH,0.8,7-9 times,OSDMA/NRSC Flood Hazard Atlas 2001-2018
Potari,396889,Marsaghai,Kendrapara,VERY HIGH,1.0,10-14 times,OSDMA/NRSC Flood Hazard Atlas 2001-2018
Bauda,396950,Mahakalapada,Kendrapara,HIGH,0.8,7-9 times,OSDMA/NRSC Flood Hazard Atlas 2001-2018
Ramachandrapur,396974,Mahakalapada,Kendrapara,LOW,0.3,2-4 times,OSDMA/NRSC Flood Hazard Atlas 2001-2018
Jadupur,396933,Mahakalapada,Kendrapara,LOW,0.3,2-4 times,OSDMA/NRSC Flood Hazard Atlas 2001-2018
Tekarapanga,396969,Mahakalapada,Kendrapara,NO_DATA,0.0,NO_DATA,OSDMA/NRSC Flood Hazard Atlas 2001-2018
Gokha Khati,397104,Mahakalapada,Kendrapara,VERY LOW,0.1,1 time,OSDMA/NRSC Flood Hazard Atlas 2001-2018
Naladiasasan,396967,Mahakalapada,Kendrapara,NO_DATA,0.0,NO_DATA,OSDMA/NRSC Flood Hazard Atlas 2001-2018
Rajendra Nagar,397117,Mahakalapada,Kendrapara,HIGH,0.8,7-9 times,OSDMA/NRSC Flood Hazard Atlas 2001-2018
Masakani,396932,Mahakalapada,Kendrapara,LOW,0.3,2-4 times,OSDMA/NRSC Flood Hazard Atlas 2001-2018
Raula,396929,Mahakalapada,Kendrapara,NO_DATA,0.0,NO_DATA,OSDMA/NRSC Flood Hazard Atlas 2001-2018
Tentuli Kandha,397118,Mahakalapada,Kendrapara,NO_DATA,0.0,NO_DATA,OSDMA/NRSC Flood Hazard Atlas 2001-2018
Chhanda,396976,Mahakalapada,Kendrapara,NO_DATA,0.0,NO_DATA,OSDMA/NRSC Flood Hazard Atlas 2001-2018
Dekani,396964,Mahakalapada,Kendrapara,NO_DATA,0.0,NO_DATA,OSDMA/NRSC Flood Hazard Atlas 2001-2018
Patalipanka,396970,Mahakalapada,Kendrapara,NO_DATA,0.0,NO_DATA,OSDMA/NRSC Flood Hazard Atlas 2001-2018
Kodakan,396973,Mahakalapada,Kendrapara,VERY HIGH,1.0,10-14 times,OSDMA/NRSC Flood Hazard Atlas 2001-2018
Chheda Kani,397107,Mahakalapada,Kendrapara,VERY LOW,0.1,1 time,OSDMA/NRSC Flood Hazard Atlas 2001-2018
Khurusiapat,396963,Mahakalapada,Kendrapara,NO_DATA,0.0,NO_DATA,OSDMA/NRSC Flood Hazard Atlas 2001-2018
Koratapanga,396965,Mahakalapada,Kendrapara,HIGH,0.8,7-9 times,OSDMA/NRSC Flood Hazard Atlas 2001-2018
Akhadasali,397121,Mahakalapada,Kendrapara,NO_DATA,0.0,NO_DATA,OSDMA/NRSC Flood Hazard Atlas 2001-2018
Naladia,396971,Mahakalapada,Kendrapara,VERY HIGH,1.0,10-14 times,OSDMA/NRSC Flood Hazard Atlas 2001-2018
Dasarajapur,397120,Mahakalapada,Kendrapara,VERY LOW,0.1,1 time,OSDMA/NRSC Flood Hazard Atlas 2001-2018
Bandhakud,396961,Mahakalapada,Kendrapara,HIGH,0.8,7-9 times,OSDMA/NRSC Flood Hazard Atlas 2001-2018
Gatanai Nuasahi,396966,Mahakalapada,Kendrapara,NO_DATA,0.0,NO_DATA,OSDMA/NRSC Flood Hazard Atlas 2001-2018
Purusottampur,396979,Mahakalapada,Kendrapara,VERY LOW,0.1,1 time,OSDMA/NRSC Flood Hazard Atlas 2001-2018
Nuagan,396931,Mahakalapada,Kendrapara,NO_DATA,0.0,NO_DATA,OSDMA/NRSC Flood Hazard Atlas 2001-2018
Gararomita,396983,Mahakalapada,Kendrapara,LOW,0.3,2-4 times,OSDMA/NRSC Flood Hazard Atlas 2001-2018
Narayanpur,396968,Mahakalapada,Kendrapara,VERY HIGH,1.0,10-14 times,OSDMA/NRSC Flood Hazard Atlas 2001-2018
Harishpur,396048,Rajnagar,Kendrapara,VERY LOW,0.1,1 time,OSDMA/NRSC Flood Hazard Atlas 2001-2018
Subala,396928,Mahakalapada,Kendrapara,NO_DATA,0.0,NO_DATA,OSDMA/NRSC Flood Hazard Atlas 2001-2018
Sathiabati,397103,Mahakalapada,Kendrapara,VERY LOW,0.1,1 time,OSDMA/NRSC Flood Hazard Atlas 2001-2018
Nalitajori Pal,397119,Mahakalapada,Kendrapara,NO_DATA,0.0,NO_DATA,OSDMA/NRSC Flood Hazard Atlas 2001-2018
Nunimatia Kandha,397105,Mahakalapada,Kendrapara,LOW,0.3,2-4 times,OSDMA/NRSC Flood Hazard Atlas 2001-2018
Anantapur,396977,Mahakalapada,Kendrapara,LOW,0.3,2-4 times,OSDMA/NRSC Flood Hazard Atlas 2001-2018
Guptagiri,397116,Mahakalapada,Kendrapara,HIGH,0.8,7-9 times,OSDMA/NRSC Flood Hazard Atlas 2001-2018
Belar,396930,Mahakalapada,Kendrapara,NO_DATA,0.0,NO_DATA,OSDMA/NRSC Flood Hazard Atlas 2001-2018
Madhusudanpur,396981,Mahakalapada,Kendrapara,LOW,0.3,2-4 times,OSDMA/NRSC Flood Hazard Atlas 2001-2018
Taradeipur,396978,Mahakalapada,Kendrapara,NO_DATA,0.0,NO_DATA,OSDMA/NRSC Flood Hazard Atlas 2001-2018
Karanjia,396049,Rajnagar,Kendrapara,NO_DATA,0.0,NO_DATA,OSDMA/NRSC Flood Hazard Atlas 2001-2018
Bahargadabadadandua,397122,Mahakalapada,Kendrapara,NO_DATA,0.0,NO_DATA,OSDMA/NRSC Flood Hazard Atlas 2001-2018
Thantapalanda,396960,Mahakalapada,Kendrapara,HIGH,0.8,7-9 times,OSDMA/NRSC Flood Hazard Atlas 2001-2018
Srirampur,396982,Mahakalapada,Kendrapara,LOW,0.3,2-4 times,OSDMA/NRSC Flood Hazard Atlas 2001-2018
Nandanpur,396980,Mahakalapada,Kendrapara,NO_DATA,0.0,NO_DATA,OSDMA/NRSC Flood Hazard Atlas 2001-2018
Paunsiapal,396975,Mahakalapada,Kendrapara,NO_DATA,0.0,NO_DATA,OSDMA/NRSC Flood Hazard Atlas 2001-2018
Raghunathpur,396972,Mahakalapada,Kendrapara,NO_DATA,0.0,NO_DATA,OSDMA/NRSC Flood Hazard Atlas 2001-2018
Saralikud,397136,Mahakalapada,Kendrapara,VERY LOW,0.1,1 time,OSDMA/NRSC Flood Hazard Atlas 2001-2018
Jogidhankud,397135,Mahakalapada,Kendrapara,VERY LOW,0.1,1 time,OSDMA/NRSC Flood Hazard Atlas 2001-2018
Kansardia,397132,Mahakalapada,Kendrapara,VERY LOW,0.1,1 time,OSDMA/NRSC Flood Hazard Atlas 2001-2018
Palli Garh,397123,Mahakalapada,Kendrapara,NO_DATA,0.0,NO_DATA,OSDMA/NRSC Flood Hazard Atlas 2001-2018
Batighar,396060,Mahakalapada,Kendrapara,VERY LOW,0.1,1 time,OSDMA/NRSC Flood Hazard Atlas 2001-2018
Barakoli Khala,397137,Mahakalapada,Kendrapara,VERY LOW,0.1,1 time,OSDMA/NRSC Flood Hazard Atlas 2001-2018
Banabiharipur,397126,Mahakalapada,Kendrapara,HIGH,0.8,7-9 times,OSDMA/NRSC Flood Hazard Atlas 2001-2018
Nipania,397134,Mahakalapada,Kendrapara,VERY LOW,0.1,1 time,OSDMA/NRSC Flood Hazard Atlas 2001-2018
Baraja Bahakuda,397125,Mahakalapada,Kendrapara,VERY LOW,0.1,1 time,OSDMA/NRSC Flood Hazard Atlas 2001-2018
Ramanagar,397128,Mahakalapada,Kendrapara,LOW,0.3,2-4 times,OSDMA/NRSC Flood Hazard Atlas 2001-2018
Bahakuda Pitapat,397124,Mahakalapada,Kendrapara,NO_DATA,0.0,NO_DATA,OSDMA/NRSC Flood Hazard Atlas 2001-2018
Badatubi,397127,Mahakalapada,Kendrapara,VERY LOW,0.1,1 time,OSDMA/NRSC Flood Hazard Atlas 2001-2018
Sanatubi,397133,Mahakalapada,Kendrapara,VERY LOW,0.1,1 time,OSDMA/NRSC Flood Hazard Atlas 2001-2018
Kentia,397114,Mahakalapada,Kendrapara,HIGH,0.8,7-9 times,OSDMA/NRSC Flood Hazard Atlas 2001-2018
Hetamundia,397138,Mahakalapada,Kendrapara,LOW,0.3,2-4 times,OSDMA/NRSC Flood Hazard Atlas 2001-2018
Kasoti,396910,Marsaghai,Kendrapara,VERY LOW,0.1,1 time,OSDMA/NRSC Flood Hazard Atlas 2001-2018
Badapaldia,396913,Marsaghai,Kendrapara,VERY LOW,0.1,1 time,OSDMA/NRSC Flood Hazard Atlas 2001-2018
Kharinasi,396059,Mahakalapada,Kendrapara,VERY LOW,0.1,1 time,OSDMA/NRSC Flood Hazard Atlas 2001-2018
Bhitara Kharinasi,397130,Mahakalapada,Kendrapara,NO_DATA,0.0,NO_DATA,OSDMA/NRSC Flood Hazard Atlas 2001-2018
Bikeikani,396020,Rajnagar,Kendrapara,NO_DATA,0.0,NO_DATA,OSDMA/NRSC Flood Hazard Atlas 2001-2018
Baulanga,396782,Marsaghai,Kendrapara,HIGH,0.8,7-9 times,OSDMA/NRSC Flood Hazard Atlas 2001-2018
Bandha Kata,396720,Marsaghai,Kendrapara,LOW,0.3,2-4 times,OSDMA/NRSC Flood Hazard Atlas 2001-2018
Gobind Pur,397052,Mahakalapada,Kendrapara,VERY LOW,0.1,1 time,OSDMA/NRSC Flood Hazard Atlas 2001-2018
Gohipur,396053,Rajnagar,Kendrapara,NO_DATA,0.0,NO_DATA,OSDMA/NRSC Flood Hazard Atlas 2001-2018
Talasanga,396788,Marsaghai,Kendrapara,VERY LOW,0.1,1 time,OSDMA/NRSC Flood Hazard Atlas 2001-2018
Sanagan,396935,Mahakalapada,Kendrapara,LOW,0.3,2-4 times,OSDMA/NRSC Flood Hazard Atlas 2001-2018
Kuhudi,396536,Marsaghai,Kendrapara,VERY LOW,0.1,1 time,OSDMA/NRSC Flood Hazard Atlas 2001-2018
Jaudia,396018,Rajnagar,Kendrapara,NO_DATA,0.0,NO_DATA,OSDMA/NRSC Flood Hazard Atlas 2001-2018
Badapal,396912,Marsaghai,Kendrapara,VERY LOW,0.1,1 time,OSDMA/NRSC Flood Hazard Atlas 2001-2018
Narasingpur,396790,Marsaghai,Kendrapara,HIGH,0.8,7-9 times,OSDMA/NRSC Flood Hazard Atlas 2001-2018
Manitiri,396894,Marsaghai,Kendrapara,VERY LOW,0.1,1 time,OSDMA/NRSC Flood Hazard Atlas 2001-2018
Puruso Tamapur,396899,Marsaghai,Kendrapara,VERY LOW,0.1,1 time,OSDMA/NRSC Flood Hazard Atlas 2001-2018
Baikuntha Pur,396721,Marsaghai,Kendrapara,HIGH,0.8,7-9 times,OSDMA/NRSC Flood Hazard Atlas 2001-2018
Badagan,396937,Mahakalapada,Kendrapara,LOW,0.3,2-4 times,OSDMA/NRSC Flood Hazard Atlas 2001-2018
Tulasi Pur,396914,Marsaghai,Kendrapara,VERY LOW,0.1,1 time,OSDMA/NRSC Flood Hazard Atlas 2001-2018
Bhagabanpur,396949,Marsaghai,Kendrapara,NO_DATA,0.0,NO_DATA,OSDMA/NRSC Flood Hazard Atlas 2001-2018
Gayaspur,397053,Mahakalapada,Kendrapara,LOW,0.3,2-4 times,OSDMA/NRSC Flood Hazard Atlas 2001-2018
Posta,396540,Marsaghai,Kendrapara,VERY LOW,0.1,1 time,OSDMA/NRSC Flood Hazard Atlas 2001-2018
Juna,396909,Marsaghai,Kendrapara,VERY LOW,0.1,1 time,OSDMA/NRSC Flood Hazard Atlas 2001-2018
Narayanpur,396519,Marsaghai,Kendrapara,VERY HIGH,1.0,10-14 times,OSDMA/NRSC Flood Hazard Atlas 2001-2018
Jaripada,396542,Marsaghai,Kendrapara,VERY LOW,0.1,1 time,OSDMA/NRSC Flood Hazard Atlas 2001-2018
Hatia,396896,Marsaghai,Kendrapara,LOW,0.3,2-4 times,OSDMA/NRSC Flood Hazard Atlas 2001-2018
Manikunda,396897,Marsaghai,Kendrapara,VERY LOW,0.1,1 time,OSDMA/NRSC Flood Hazard Atlas 2001-2018
Bachharai,396717,Marsaghai,Kendrapara,LOW,0.3,2-4 times,OSDMA/NRSC Flood Hazard Atlas 2001-2018
Godhan,396718,Marsaghai,Kendrapara,LOW,0.3,2-4 times,OSDMA/NRSC Flood Hazard Atlas 2001-2018
Baghadia,396016,Rajnagar,Kendrapara,NO_DATA,0.0,NO_DATA,OSDMA/NRSC Flood Hazard Atlas 2001-2018
Kurutunga,396539,Marsaghai,Kendrapara,VERY LOW,0.1,1 time,OSDMA/NRSC Flood Hazard Atlas 2001-2018
Thauri,396541,Marsaghai,Kendrapara,VERY LOW,0.1,1 time,OSDMA/NRSC Flood Hazard Atlas 2001-2018
Podana,396791,Marsaghai,Kendrapara,HIGH,0.8,7-9 times,OSDMA/NRSC Flood Hazard Atlas 2001-2018
Haladia,396941,Marsaghai,Kendrapara,NO_DATA,0.0,NO_DATA,OSDMA/NRSC Flood Hazard Atlas 2001-2018
Dara Bachha,396898,Marsaghai,Kendrapara,VERY LOW,0.1,1 time,OSDMA/NRSC Flood Hazard Atlas 2001-2018
Bhusaranga,396879,Marsaghai,Kendrapara,VERY LOW,0.1,1 time,OSDMA/NRSC Flood Hazard Atlas 2001-2018
Raghabapur,396792,Marsaghai,Kendrapara,LOW,0.3,2-4 times,OSDMA/NRSC Flood Hazard Atlas 2001-2018
Athabatia,396938,Marsaghai,Kendrapara,LOW,0.3,2-4 times,OSDMA/NRSC Flood Hazard Atlas 2001-2018
Jay Chandrapur,396936,Mahakalapada,Kendrapara,VERY LOW,0.1,1 time,OSDMA/NRSC Flood Hazard Atlas 2001-2018
Sasanipada,396787,Marsaghai,Kendrapara,VERY LOW,0.1,1 time,OSDMA/NRSC Flood Hazard Atlas 2001-2018
Balikuda,396918,Mahakalapada,Kendrapara,VERY LOW,0.1,1 time,OSDMA/NRSC Flood Hazard Atlas 2001-2018
Garajanga,396939,Marsaghai,Kendrapara,VERY LOW,0.1,1 time,OSDMA/NRSC Flood Hazard Atlas 2001-2018
Aitipur,396919,Mahakalapada,Kendrapara,VERY LOW,0.1,1 time,OSDMA/NRSC Flood Hazard Atlas 2001-2018
Kusun Pur,396915,Marsaghai,Kendrapara,VERY LOW,0.1,1 time,OSDMA/NRSC Flood Hazard Atlas 2001-2018
Pikarali,396789,Marsaghai,Kendrapara,HIGH,0.8,7-9 times,OSDMA/NRSC Flood Hazard Atlas 2001-2018
Girang,396906,Marsaghai,Kendrapara,VERY LOW,0.1,1 time,OSDMA/NRSC Flood Hazard Atlas 2001-2018
Mehendinagar,396512,Marsaghai,Kendrapara,VERY LOW,0.1,1 time,OSDMA/NRSC Flood Hazard Atlas 2001-2018
Karamakul,396917,Mahakalapada,Kendrapara,VERY LOW,0.1,1 time,OSDMA/NRSC Flood Hazard Atlas 2001-2018
Hindulia,396895,Marsaghai,Kendrapara,LOW,0.3,2-4 times,OSDMA/NRSC Flood Hazard Atlas 2001-2018
Bagadia,396901,Marsaghai,Kendrapara,VERY LOW,0.1,1 time,OSDMA/NRSC Flood Hazard Atlas 2001-2018
Silipur,396900,Marsaghai,Kendrapara,VERY LOW,0.1,1 time,OSDMA/NRSC Flood Hazard Atlas 2001-2018
Kan Pur,396908,Marsaghai,Kendrapara,VERY LOW,0.1,1 time,OSDMA/NRSC Flood Hazard Atlas 2001-2018
Parakula,396783,Marsaghai,Kendrapara,HIGH,0.8,7-9 times,OSDMA/NRSC Flood Hazard Atlas 2001-2018
Gopinathpur,396916,Mahakalapada,Kendrapara,HIGH,0.8,7-9 times,OSDMA/NRSC Flood Hazard Atlas 2001-2018
Bara Tunga,396719,Marsaghai,Kendrapara,HIGH,0.8,7-9 times,OSDMA/NRSC Flood Hazard Atlas 2001-2018
Jaganathpur,396535,Marsaghai,Kendrapara,VERY LOW,0.1,1 time,OSDMA/NRSC Flood Hazard Atlas 2001-2018
Ramchandrapur,395847,Rajnagar,Kendrapara,VERY LOW,0.1,1 time,OSDMA/NRSC Flood Hazard Atlas 2001-2018
Kuanrpal,396911,Marsaghai,Kendrapara,VERY LOW,0.1,1 time,OSDMA/NRSC Flood Hazard Atlas 2001-2018
Badakul,396920,Mahakalapada,Kendrapara,VERY LOW,0.1,1 time,OSDMA/NRSC Flood Hazard Atlas 2001-2018
Narayanpur,396786,Marsaghai,Kendrapara,VERY HIGH,1.0,10-14 times,OSDMA/NRSC Flood Hazard Atlas 2001-2018
Dumuka,396907,Marsaghai,Kendrapara,VERY LOW,0.1,1 time,OSDMA/NRSC Flood Hazard Atlas 2001-2018
Pentha,396716,Marsaghai,Kendrapara,LOW,0.3,2-4 times,OSDMA/NRSC Flood Hazard Atlas 2001-2018
Jagadispur,396522,Marsaghai,Kendrapara,VERY LOW,0.1,1 time,OSDMA/NRSC Flood Hazard Atlas 2001-2018
Chakarpur,396516,Marsaghai,Kendrapara,LOW,0.3,2-4 times,OSDMA/NRSC Flood Hazard Atlas 2001-2018
Barei,396537,Marsaghai,Kendrapara,VERY LOW,0.1,1 time,OSDMA/NRSC Flood Hazard Atlas 2001-2018
Arakhia,396538,Marsaghai,Kendrapara,VERY LOW,0.1,1 time,OSDMA/NRSC Flood Hazard Atlas 2001-2018
Angulai,396518,Marsaghai,Kendrapara,VERY LOW,0.1,1 time,OSDMA/NRSC Flood Hazard Atlas 2001-2018
Manitiri,397051,Mahakalapada,Kendrapara,VERY LOW,0.1,1 time,OSDMA/NRSC Flood Hazard Atlas 2001-2018
Balia,396547,Marsaghai,Kendrapara,VERY LOW,0.1,1 time,OSDMA/NRSC Flood Hazard Atlas 2001-2018
Nembara,396546,Marsaghai,Kendrapara,VERY LOW,0.1,1 time,OSDMA/NRSC Flood Hazard Atlas 2001-2018
Panchanpur,396515,Marsaghai,Kendrapara,VERY LOW,0.1,1 time,OSDMA/NRSC Flood Hazard Atlas 2001-2018
Anko,396785,Marsaghai,Kendrapara,HIGH,0.8,7-9 times,OSDMA/NRSC Flood Hazard Atlas 2001-2018
Niladripur,396523,Marsaghai,Kendrapara,VERY LOW,0.1,1 time,OSDMA/NRSC Flood Hazard Atlas 2001-2018
Jaganathpur,397094,Mahakalapada,Kendrapara,VERY LOW,0.1,1 time,OSDMA/NRSC Flood Hazard Atlas 2001-2018
Narendrapur,396543,Marsaghai,Kendrapara,LOW,0.3,2-4 times,OSDMA/NRSC Flood Hazard Atlas 2001-2018
Kulapada,396534,Marsaghai,Kendrapara,LOW,0.3,2-4 times,OSDMA/NRSC Flood Hazard Atlas 2001-2018
Garajanga Palli,396784,Marsaghai,Kendrapara,HIGH,0.8,7-9 times,OSDMA/NRSC Flood Hazard Atlas 2001-2018
Nuagan,396520,Marsaghai,Kendrapara,NO_DATA,0.0,NO_DATA,OSDMA/NRSC Flood Hazard Atlas 2001-2018
Chadeiguan,397091,Mahakalapada,Kendrapara,LOW,0.3,2-4 times,OSDMA/NRSC Flood Hazard Atlas 2001-2018
Gaudabadpur,397092,Mahakalapada,Kendrapara,LOW,0.3,2-4 times,OSDMA/NRSC Flood Hazard Atlas 2001-2018
Goja Bandha,397102,Mahakalapada,Kendrapara,VERY LOW,0.1,1 time,OSDMA/NRSC Flood Hazard Atlas 2001-2018
Jalakana,397089,Mahakalapada,Kendrapara,LOW,0.3,2-4 times,OSDMA/NRSC Flood Hazard Atlas 2001-2018
Maha Kala Para,397088,Mahakalapada,Kendrapara,VERY LOW,0.1,1 time,OSDMA/NRSC Flood Hazard Atlas 2001-2018
Samantsingharpur,396927,Mahakalapada,Kendrapara,NO_DATA,0.0,NO_DATA,OSDMA/NRSC Flood Hazard Atlas 2001-2018
Teragan,396926,Mahakalapada,Kendrapara,VERY LOW,0.1,1 time,OSDMA/NRSC Flood Hazard Atlas 2001-2018
Nantar,397082,Mahakalapada,Kendrapara,LOW,0.3,2-4 times,OSDMA/NRSC Flood Hazard Atlas 2001-2018
Aitipur,397044,Mahakalapada,Kendrapara,VERY LOW,0.1,1 time,OSDMA/NRSC Flood Hazard Atlas 2001-2018
Balia,396986,Mahakalapada,Kendrapara,VERY LOW,0.1,1 time,OSDMA/NRSC Flood Hazard Atlas 2001-2018
Janra,397064,Mahakalapada,Kendrapara,LOW,0.3,2-4 times,OSDMA/NRSC Flood Hazard Atlas 2001-2018
Itakandia,396989,Mahakalapada,Kendrapara,LOW,0.3,2-4 times,OSDMA/NRSC Flood Hazard Atlas 2001-2018
Bada Rahama,396990,Mahakalapada,Kendrapara,LOW,0.3,2-4 times,OSDMA/NRSC Flood Hazard Atlas 2001-2018
Mangalapur,397086,Mahakalapada,Kendrapara,LOW,0.3,2-4 times,OSDMA/NRSC Flood Hazard Atlas 2001-2018
Gamha,397087,Mahakalapada,Kendrapara,VERY LOW,0.1,1 time,OSDMA/NRSC Flood Hazard Atlas 2001-2018
Gopalpur,397090,Mahakalapada,Kendrapara,LOW,0.3,2-4 times,OSDMA/NRSC Flood Hazard Atlas 2001-2018
Balana,396904,Marsaghai,Kendrapara,VERY LOW,0.1,1 time,OSDMA/NRSC Flood Hazard Atlas 2001-2018
Orata,397046,Mahakalapada,Kendrapara,LOW,0.3,2-4 times,OSDMA/NRSC Flood Hazard Atlas 2001-2018
Raigada,397065,Mahakalapada,Kendrapara,LOW,0.3,2-4 times,OSDMA/NRSC Flood Hazard Atlas 2001-2018
Ostara,396934,Mahakalapada,Kendrapara,VERY LOW,0.1,1 time,OSDMA/NRSC Flood Hazard Atlas 2001-2018
Sarumunhi,397113,Mahakalapada,Kendrapara,NO_DATA,0.0,NO_DATA,OSDMA/NRSC Flood Hazard Atlas 2001-2018
Chhatar,396988,Mahakalapada,Kendrapara,LOW,0.3,2-4 times,OSDMA/NRSC Flood Hazard Atlas 2001-2018
Mahula Kandha,397099,Mahakalapada,Kendrapara,VERY HIGH,1.0,10-14 times,OSDMA/NRSC Flood Hazard Atlas 2001-2018
Bachhuria,397109,Mahakalapada,Kendrapara,HIGH,0.8,7-9 times,OSDMA/NRSC Flood Hazard Atlas 2001-2018
Jemadeipur,397084,Mahakalapada,Kendrapara,VERY HIGH,1.0,10-14 times,OSDMA/NRSC Flood Hazard Atlas 2001-2018
Kiar Banka,397063,Mahakalapada,Kendrapara,VERY LOW,0.1,1 time,OSDMA/NRSC Flood Hazard Atlas 2001-2018
Pareswar Pur,397083,Mahakalapada,Kendrapara,LOW,0.3,2-4 times,OSDMA/NRSC Flood Hazard Atlas 2001-2018
Sahabaj Pur,397062,Mahakalapada,Kendrapara,VERY LOW,0.1,1 time,OSDMA/NRSC Flood Hazard Atlas 2001-2018
Maliancha,397030,Mahakalapada,Kendrapara,LOW,0.3,2-4 times,OSDMA/NRSC Flood Hazard Atlas 2001-2018
Babakar Pur,397055,Mahakalapada,Kendrapara,VERY LOW,0.1,1 time,OSDMA/NRSC Flood Hazard Atlas 2001-2018
Ramakani,397060,Mahakalapada,Kendrapara,LOW,0.3,2-4 times,OSDMA/NRSC Flood Hazard Atlas 2001-2018
Barakandha,397106,Mahakalapada,Kendrapara,VERY LOW,0.1,1 time,OSDMA/NRSC Flood Hazard Atlas 2001-2018
Kochila,397115,Mahakalapada,Kendrapara,NO_DATA,0.0,NO_DATA,OSDMA/NRSC Flood Hazard Atlas 2001-2018
Ghantia Palli,397040,Mahakalapada,Kendrapara,VERY LOW,0.1,1 time,OSDMA/NRSC Flood Hazard Atlas 2001-2018
Bandhapara,397101,Mahakalapada,Kendrapara,VERY LOW,0.1,1 time,OSDMA/NRSC Flood Hazard Atlas 2001-2018
Gokhapada,396925,Mahakalapada,Kendrapara,LOW,0.3,2-4 times,OSDMA/NRSC Flood Hazard Atlas 2001-2018
Sankhapada,397038,Mahakalapada,Kendrapara,VERY LOW,0.1,1 time,OSDMA/NRSC Flood Hazard Atlas 2001-2018
Mulubasanta,396984,Mahakalapada,Kendrapara,LOW,0.3,2-4 times,OSDMA/NRSC Flood Hazard Atlas 2001-2018
Bijayanagar,397034,Mahakalapada,Kendrapara,VERY LOW,0.1,1 time,OSDMA/NRSC Flood Hazard Atlas 2001-2018
Kalapara,397041,Mahakalapada,Kendrapara,VERY LOW,0.1,1 time,OSDMA/NRSC Flood Hazard Atlas 2001-2018
Anduli,397042,Mahakalapada,Kendrapara,VERY LOW,0.1,1 time,OSDMA/NRSC Flood Hazard Atlas 2001-2018
Bilipada,397048,Mahakalapada,Kendrapara,LOW,0.3,2-4 times,OSDMA/NRSC Flood Hazard Atlas 2001-2018
Sri Chandan Pur,397037,Mahakalapada,Kendrapara,LOW,0.3,2-4 times,OSDMA/NRSC Flood Hazard Atlas 2001-2018
Palaspur,396905,Marsaghai,Kendrapara,VERY LOW,0.1,1 time,OSDMA/NRSC Flood Hazard Atlas 2001-2018
Tithi,397085,Mahakalapada,Kendrapara,NO_DATA,0.0,NO_DATA,OSDMA/NRSC Flood Hazard Atlas 2001-2018
Deula Pada,397058,Mahakalapada,Kendrapara,VERY LOW,0.1,1 time,OSDMA/NRSC Flood Hazard Atlas 2001-2018
Rajagada,397054,Mahakalapada,Kendrapara,LOW,0.3,2-4 times,OSDMA/NRSC Flood Hazard Atlas 2001-2018
Jagati,397066,Mahakalapada,Kendrapara,LOW,0.3,2-4 times,OSDMA/NRSC Flood Hazard Atlas 2001-2018
Ranki,397032,Mahakalapada,Kendrapara,LOW,0.3,2-4 times,OSDMA/NRSC Flood Hazard Atlas 2001-2018
Sikhar,397093,Mahakalapada,Kendrapara,LOW,0.3,2-4 times,OSDMA/NRSC Flood Hazard Atlas 2001-2018
Dadhipur,397097,Mahakalapada,Kendrapara,LOW,0.3,2-4 times,OSDMA/NRSC Flood Hazard Atlas 2001-2018
Adoi,397110,Mahakalapada,Kendrapara,VERY HIGH,1.0,10-14 times,OSDMA/NRSC Flood Hazard Atlas 2001-2018
Karanja,396924,Mahakalapada,Kendrapara,VERY LOW,0.1,1 time,OSDMA/NRSC Flood Hazard Atlas 2001-2018
Dasi Pur,396902,Marsaghai,Kendrapara,VERY LOW,0.1,1 time,OSDMA/NRSC Flood Hazard Atlas 2001-2018
Adam Pur,396903,Marsaghai,Kendrapara,VERY LOW,0.1,1 time,OSDMA/NRSC Flood Hazard Atlas 2001-2018
Chandia Palli,397061,Mahakalapada,Kendrapara,VERY LOW,0.1,1 time,OSDMA/NRSC Flood Hazard Atlas 2001-2018
Amirabad,397059,Mahakalapada,Kendrapara,VERY LOW,0.1,1 time,OSDMA/NRSC Flood Hazard Atlas 2001-2018
Badadihi,397026,Mahakalapada,Kendrapara,LOW,0.3,2-4 times,OSDMA/NRSC Flood Hazard Atlas 2001-2018
Kanpur,397031,Mahakalapada,Kendrapara,LOW,0.3,2-4 times,OSDMA/NRSC Flood Hazard Atlas 2001-2018
Dia Rajagarh,397056,Mahakalapada,Kendrapara,LOW,0.3,2-4 times,OSDMA/NRSC Flood Hazard Atlas 2001-2018
Oliha,397045,Mahakalapada,Kendrapara,LOW,0.3,2-4 times,OSDMA/NRSC Flood Hazard Atlas 2001-2018
Olihanilakanthapur,397057,Mahakalapada,Kendrapara,LOW,0.3,2-4 times,OSDMA/NRSC Flood Hazard Atlas 2001-2018
Balipal,397039,Mahakalapada,Kendrapara,VERY LOW,0.1,1 time,OSDMA/NRSC Flood Hazard Atlas 2001-2018
Arada,397033,Mahakalapada,Kendrapara,LOW,0.3,2-4 times,OSDMA/NRSC Flood Hazard Atlas 2001-2018
Benupal,396922,Mahakalapada,Kendrapara,VERY LOW,0.1,1 time,OSDMA/NRSC Flood Hazard Atlas 2001-2018
Ekalapur,397027,Mahakalapada,Kendrapara,LOW,0.3,2-4 times,OSDMA/NRSC Flood Hazard Atlas 2001-2018
Nachhi Pada,397049,Mahakalapada,Kendrapara,VERY LOW,0.1,1 time,OSDMA/NRSC Flood Hazard Atlas 2001-2018
Basaghar,397043,Mahakalapada,Kendrapara,VERY LOW,0.1,1 time,OSDMA/NRSC Flood Hazard Atlas 2001-2018
Sahoo Pada,396985,Mahakalapada,Kendrapara,LOW,0.3,2-4 times,OSDMA/NRSC Flood Hazard Atlas 2001-2018
Batakuli,397096,Mahakalapada,Kendrapara,VERY HIGH,1.0,10-14 times,OSDMA/NRSC Flood Hazard Atlas 2001-2018
Potakani,397108,Mahakalapada,Kendrapara,NO_DATA,0.0,NO_DATA,OSDMA/NRSC Flood Hazard Atlas 2001-2018
Niyamatpur,397050,Mahakalapada,Kendrapara,LOW,0.3,2-4 times,OSDMA/NRSC Flood Hazard Atlas 2001-2018
Dahimachha,396921,Mahakalapada,Kendrapara,VERY LOW,0.1,1 time,OSDMA/NRSC Flood Hazard Atlas 2001-2018
Rama Chandra Pur,396987,Mahakalapada,Kendrapara,LOW,0.3,2-4 times,OSDMA/NRSC Flood Hazard Atlas 2001-2018
Jasuapalli,397036,Mahakalapada,Kendrapara,LOW,0.3,2-4 times,OSDMA/NRSC Flood Hazard Atlas 2001-2018
Potia,397035,Mahakalapada,Kendrapara,LOW,0.3,2-4 times,OSDMA/NRSC Flood Hazard Atlas 2001-2018
Alailo,397047,Mahakalapada,Kendrapara,LOW,0.3,2-4 times,OSDMA/NRSC Flood Hazard Atlas 2001-2018
Baulapara,397095,Mahakalapada,Kendrapara,LOW,0.3,2-4 times,OSDMA/NRSC Flood Hazard Atlas 2001-2018
Gobardhanpur,396923,Mahakalapada,Kendrapara,VERY LOW,0.1,1 time,OSDMA/NRSC Flood Hazard Atlas 2001-2018
Kumbharapara,397098,Mahakalapada,Kendrapara,HIGH,0.8,7-9 times,OSDMA/NRSC Flood Hazard Atlas 2001-2018
Marichakani,397100,Mahakalapada,Kendrapara,HIGH,0.8,7-9 times,OSDMA/NRSC Flood Hazard Atlas 2001-2018
Baradia,395618,Rajkanika,Kendrapara,LOW,0.3,2-4 times,OSDMA/NRSC Flood Hazard Atlas 2001-2018
Kusiapal,397069,Mahakalapada,Kendrapara,LOW,0.3,2-4 times,OSDMA/NRSC Flood Hazard Atlas 2001-2018
Balisahipatna,395912,Rajnagar,Kendrapara,NO_DATA,0.0,NO_DATA,OSDMA/NRSC Flood Hazard Atlas 2001-2018
Baulakani,397112,Mahakalapada,Kendrapara,NO_DATA,0.0,NO_DATA,OSDMA/NRSC Flood Hazard Atlas 2001-2018
Petchhela,396058,Mahakalapada,Kendrapara,VERY LOW,0.1,1 time,OSDMA/NRSC Flood Hazard Atlas 2001-2018
Tanki Belari,397078,Mahakalapada,Kendrapara,HIGH,0.8,7-9 times,OSDMA/NRSC Flood Hazard Atlas 2001-2018
Narasingha Pur,397015,Mahakalapada,Kendrapara,LOW,0.3,2-4 times,OSDMA/NRSC Flood Hazard Atlas 2001-2018
Maladhia,397081,Mahakalapada,Kendrapara,LOW,0.3,2-4 times,OSDMA/NRSC Flood Hazard Atlas 2001-2018
Babara,396992,Mahakalapada,Kendrapara,LOW,0.3,2-4 times,OSDMA/NRSC Flood Hazard Atlas 2001-2018
Pancha Gachhia,397018,Mahakalapada,Kendrapara,VERY LOW,0.1,1 time,OSDMA/NRSC Flood Hazard Atlas 2001-2018
Kakat Pur,396993,Mahakalapada,Kendrapara,LOW,0.3,2-4 times,OSDMA/NRSC Flood Hazard Atlas 2001-2018
Jamboo,396057,Mahakalapada,Kendrapara,VERY LOW,0.1,1 time,OSDMA/NRSC Flood Hazard Atlas 2001-2018
Sugal,397021,Mahakalapada,Kendrapara,VERY LOW,0.1,1 time,OSDMA/NRSC Flood Hazard Atlas 2001-2018
Bhitarsubala,397079,Mahakalapada,Kendrapara,LOW,0.3,2-4 times,OSDMA/NRSC Flood Hazard Atlas 2001-2018
Maladhia,397004,Mahakalapada,Kendrapara,LOW,0.3,2-4 times,OSDMA/NRSC Flood Hazard Atlas 2001-2018
Badatota Chhapali,397077,Mahakalapada,Kendrapara,NO_DATA,0.0,NO_DATA,OSDMA/NRSC Flood Hazard Atlas 2001-2018
Bara Danga,397067,Mahakalapada,Kendrapara,LOW,0.3,2-4 times,OSDMA/NRSC Flood Hazard Atlas 2001-2018
Kalatunga,396995,Mahakalapada,Kendrapara,LOW,0.3,2-4 times,OSDMA/NRSC Flood Hazard Atlas 2001-2018
Pankapal,397073,Mahakalapada,Kendrapara,LOW,0.3,2-4 times,OSDMA/NRSC Flood Hazard Atlas 2001-2018
Baliganda Ratanpur,396997,Mahakalapada,Kendrapara,NO_DATA,0.0,NO_DATA,OSDMA/NRSC Flood Hazard Atlas 2001-2018
Radia,397028,Mahakalapada,Kendrapara,LOW,0.3,2-4 times,OSDMA/NRSC Flood Hazard Atlas 2001-2018
Kharianta,397023,Mahakalapada,Kendrapara,LOW,0.3,2-4 times,OSDMA/NRSC Flood Hazard Atlas 2001-2018
Bhateni,397075,Mahakalapada,Kendrapara,VERY LOW,0.1,1 time,OSDMA/NRSC Flood Hazard Atlas 2001-2018
Badamatha,397080,Mahakalapada,Kendrapara,LOW,0.3,2-4 times,OSDMA/NRSC Flood Hazard Atlas 2001-2018
Bagagahan,397074,Mahakalapada,Kendrapara,VERY LOW,0.1,1 time,OSDMA/NRSC Flood Hazard Atlas 2001-2018
Kansapal,397076,Mahakalapada,Kendrapara,VERY LOW,0.1,1 time,OSDMA/NRSC Flood Hazard Atlas 2001-2018
Kansara,397071,Mahakalapada,Kendrapara,LOW,0.3,2-4 times,OSDMA/NRSC Flood Hazard Atlas 2001-2018
Badadandua,397072,Mahakalapada,Kendrapara,VERY LOW,0.1,1 time,OSDMA/NRSC Flood Hazard Atlas 2001-2018
Bala Bhadrapur,397068,Mahakalapada,Kendrapara,NO_DATA,0.0,NO_DATA,OSDMA/NRSC Flood Hazard Atlas 2001-2018
Guludia,397022,Mahakalapada,Kendrapara,VERY LOW,0.1,1 time,OSDMA/NRSC Flood Hazard Atlas 2001-2018
Sana Rahama,396991,Mahakalapada,Kendrapara,LOW,0.3,2-4 times,OSDMA/NRSC Flood Hazard Atlas 2001-2018
Bahar Subala,397029,Mahakalapada,Kendrapara,LOW,0.3,2-4 times,OSDMA/NRSC Flood Hazard Atlas 2001-2018
Bhuinpada,397002,Mahakalapada,Kendrapara,NO_DATA,0.0,NO_DATA,OSDMA/NRSC Flood Hazard Atlas 2001-2018
Badapal,397020,Mahakalapada,Kendrapara,VERY LOW,0.1,1 time,OSDMA/NRSC Flood Hazard Atlas 2001-2018
Sankachit,397003,Mahakalapada,Kendrapara,NO_DATA,0.0,NO_DATA,OSDMA/NRSC Flood Hazard Atlas 2001-2018
Tarapada,397070,Mahakalapada,Kendrapara,LOW,0.3,2-4 times,OSDMA/NRSC Flood Hazard Atlas 2001-2018
Kandara Patia,396056,Mahakalapada,Kendrapara,VERY LOW,0.1,1 time,OSDMA/NRSC Flood Hazard Atlas 2001-2018
Nalitapatia,395760,Rajnagar,Kendrapara,VERY LOW,0.1,1 time,OSDMA/NRSC Flood Hazard Atlas 2001-2018
Kantilo,397019,Mahakalapada,Kendrapara,VERY LOW,0.1,1 time,OSDMA/NRSC Flood Hazard Atlas 2001-2018
Bada Baincha,397024,Mahakalapada,Kendrapara,VERY LOW,0.1,1 time,OSDMA/NRSC Flood Hazard Atlas 2001-2018
Kholanai,397025,Mahakalapada,Kendrapara,LOW,0.3,2-4 times,OSDMA/NRSC Flood Hazard Atlas 2001-2018
Kiabaria,397111,Mahakalapada,Kendrapara,NO_DATA,0.0,NO_DATA,OSDMA/NRSC Flood Hazard Atlas 2001-2018
Gogua,396996,Mahakalapada,Kendrapara,LOW,0.3,2-4 times,OSDMA/NRSC Flood Hazard Atlas 2001-2018
Panikhia,397000,Mahakalapada,Kendrapara,LOW,0.3,2-4 times,OSDMA/NRSC Flood Hazard Atlas 2001-2018
Bandha Para,396994,Mahakalapada,Kendrapara,LOW,0.3,2-4 times,OSDMA/NRSC Flood Hazard Atlas 2001-2018
Baligarh,397131,Mahakalapada,Kendrapara,NO_DATA,0.0,NO_DATA,OSDMA/NRSC Flood Hazard Atlas 2001-2018
Hariabanka,397129,Mahakalapada,Kendrapara,VERY LOW,0.1,1 time,OSDMA/NRSC Flood Hazard Atlas 2001-2018
Suniti Bena Kandha,397017,Mahakalapada,Kendrapara,NO_DATA,0.0,NO_DATA,OSDMA/NRSC Flood Hazard Atlas 2001-2018
Bana Pada,397016,Mahakalapada,Kendrapara,LOW,0.3,2-4 times,OSDMA/NRSC Flood Hazard Atlas 2001-2018
Khamarsahi,395761,Rajnagar,Kendrapara,NO_DATA,0.0,NO_DATA,OSDMA/NRSC Flood Hazard Atlas 2001-2018
Gobardhanpur,396025,Rajnagar,Kendrapara,VERY LOW,0.1,1 time,OSDMA/NRSC Flood Hazard Atlas 2001-2018
Koilipur,396042,Rajnagar,Kendrapara,VERY LOW,0.1,1 time,OSDMA/NRSC Flood Hazard Atlas 2001-2018
Rata Panga,397014,Mahakalapada,Kendrapara,LOW,0.3,2-4 times,OSDMA/NRSC Flood Hazard Atlas 2001-2018
Bhatapara,395943,Rajnagar,Kendrapara,LOW,0.3,2-4 times,OSDMA/NRSC Flood Hazard Atlas 2001-2018
Maliabuda,395949,Rajnagar,Kendrapara,HIGH,0.8,7-9 times,OSDMA/NRSC Flood Hazard Atlas 2001-2018
Jayapur,396024,Rajnagar,Kendrapara,HIGH,0.8,7-9 times,OSDMA/NRSC Flood Hazard Atlas 2001-2018
Tarapada,395997,Rajnagar,Kendrapara,LOW,0.3,2-4 times,OSDMA/NRSC Flood Hazard Atlas 2001-2018
Badkota,396005,Rajnagar,Kendrapara,LOW,0.3,2-4 times,OSDMA/NRSC Flood Hazard Atlas 2001-2018
Taradeipur,396040,Rajnagar,Kendrapara,NO_DATA,0.0,NO_DATA,OSDMA/NRSC Flood Hazard Atlas 2001-2018
Doligan,396998,Mahakalapada,Kendrapara,LOW,0.3,2-4 times,OSDMA/NRSC Flood Hazard Atlas 2001-2018
Isani Palla,396032,Rajnagar,Kendrapara,NO_DATA,0.0,NO_DATA,OSDMA/NRSC Flood Hazard Atlas 2001-2018
Tetelenga,396027,Rajnagar,Kendrapara,LOW,0.3,2-4 times,OSDMA/NRSC Flood Hazard Atlas 2001-2018
Balarampur,396009,Rajnagar,Kendrapara,VERY LOW,0.1,1 time,OSDMA/NRSC Flood Hazard Atlas 2001-2018
Praharajpur,396043,Rajnagar,Kendrapara,LOW,0.3,2-4 times,OSDMA/NRSC Flood Hazard Atlas 2001-2018
Arakhadiha,396006,Rajnagar,Kendrapara,LOW,0.3,2-4 times,OSDMA/NRSC Flood Hazard Atlas 2001-2018
Mangalpur,395909,Rajnagar,Kendrapara,VERY LOW,0.1,1 time,OSDMA/NRSC Flood Hazard Atlas 2001-2018
Garjang,397001,Mahakalapada,Kendrapara,LOW,0.3,2-4 times,OSDMA/NRSC Flood Hazard Atlas 2001-2018
Odiasala,397012,Mahakalapada,Kendrapara,NO_DATA,0.0,NO_DATA,OSDMA/NRSC Flood Hazard Atlas 2001-2018
Basantpur,396037,Rajnagar,Kendrapara,VERY LOW,0.1,1 time,OSDMA/NRSC Flood Hazard Atlas 2001-2018
Inkiria,396038,Rajnagar,Kendrapara,LOW,0.3,2-4 times,OSDMA/NRSC Flood Hazard Atlas 2001-2018
Gankalu Para,396030,Rajnagar,Kendrapara,NO_DATA,0.0,NO_DATA,OSDMA/NRSC Flood Hazard Atlas 2001-2018
Duttapur,396041,Rajnagar,Kendrapara,VERY LOW,0.1,1 time,OSDMA/NRSC Flood Hazard Atlas 2001-2018
Kani,395950,Rajnagar,Kendrapara,VERY HIGH,1.0,10-14 times,OSDMA/NRSC Flood Hazard Atlas 2001-2018
Madhyapara,395939,Rajnagar,Kendrapara,NO_DATA,0.0,NO_DATA,OSDMA/NRSC Flood Hazard Atlas 2001-2018
Bandhapara,395938,Rajnagar,Kendrapara,VERY LOW,0.1,1 time,OSDMA/NRSC Flood Hazard Atlas 2001-2018
Rajagarh,395948,Rajnagar,Kendrapara,VERY LOW,0.1,1 time,OSDMA/NRSC Flood Hazard Atlas 2001-2018
Kusailo,395941,Rajnagar,Kendrapara,HIGH,0.8,7-9 times,OSDMA/NRSC Flood Hazard Atlas 2001-2018
Badolara,395942,Rajnagar,Kendrapara,NO_DATA,0.0,NO_DATA,OSDMA/NRSC Flood Hazard Atlas 2001-2018
Nanjura,396999,Mahakalapada,Kendrapara,LOW,0.3,2-4 times,OSDMA/NRSC Flood Hazard Atlas 2001-2018
Dhaneswarpur,396004,Rajnagar,Kendrapara,NO_DATA,0.0,NO_DATA,OSDMA/NRSC Flood Hazard Atlas 2001-2018
Baragudidanda,395946,Rajnagar,Kendrapara,HIGH,0.8,7-9 times,OSDMA/NRSC Flood Hazard Atlas 2001-2018
Nurugan,395944,Rajnagar,Kendrapara,LOW,0.3,2-4 times,OSDMA/NRSC Flood Hazard Atlas 2001-2018
Barhapur,396039,Rajnagar,Kendrapara,LOW,0.3,2-4 times,OSDMA/NRSC Flood Hazard Atlas 2001-2018
Sanora,395999,Rajnagar,Kendrapara,NO_DATA,0.0,NO_DATA,OSDMA/NRSC Flood Hazard Atlas 2001-2018
Kanhua,395994,Rajnagar,Kendrapara,LOW,0.3,2-4 times,OSDMA/NRSC Flood Hazard Atlas 2001-2018
Benudharpur,395951,Rajnagar,Kendrapara,LOW,0.3,2-4 times,OSDMA/NRSC Flood Hazard Atlas 2001-2018
Kiajori,395945,Rajnagar,Kendrapara,LOW,0.3,2-4 times,OSDMA/NRSC Flood Hazard Atlas 2001-2018
Bhopal,397005,Mahakalapada,Kendrapara,VERY LOW,0.1,1 time,OSDMA/NRSC Flood Hazard Atlas 2001-2018
Mundatala Sahara Kani,397013,Mahakalapada,Kendrapara,LOW,0.3,2-4 times,OSDMA/NRSC Flood Hazard Atlas 2001-2018
Santhapada,395933,Rajnagar,Kendrapara,VERY LOW,0.1,1 time,OSDMA/NRSC Flood Hazard Atlas 2001-2018
Tangataila,395932,Rajnagar,Kendrapara,LOW,0.3,2-4 times,OSDMA/NRSC Flood Hazard Atlas 2001-2018
Badpalli,396033,Rajnagar,Kendrapara,HIGH,0.8,7-9 times,OSDMA/NRSC Flood Hazard Atlas 2001-2018
Badmaricha Palli,396035,Rajnagar,Kendrapara,HIGH,0.8,7-9 times,OSDMA/NRSC Flood Hazard Atlas 2001-2018
Katakana,395931,Rajnagar,Kendrapara,NO_DATA,0.0,NO_DATA,OSDMA/NRSC Flood Hazard Atlas 2001-2018
Barunipalla,396036,Rajnagar,Kendrapara,NO_DATA,0.0,NO_DATA,OSDMA/NRSC Flood Hazard Atlas 2001-2018
Sasana,397007,Mahakalapada,Kendrapara,LOW,0.3,2-4 times,OSDMA/NRSC Flood Hazard Atlas 2001-2018
Tantiapal,396055,Mahakalapada,Kendrapara,LOW,0.3,2-4 times,OSDMA/NRSC Flood Hazard Atlas 2001-2018
Bilakalupara,396029,Rajnagar,Kendrapara,LOW,0.3,2-4 times,OSDMA/NRSC Flood Hazard Atlas 2001-2018
Kankdia,396028,Rajnagar,Kendrapara,NO_DATA,0.0,NO_DATA,OSDMA/NRSC Flood Hazard Atlas 2001-2018
Badpal,396034,Rajnagar,Kendrapara,HIGH,0.8,7-9 times,OSDMA/NRSC Flood Hazard Atlas 2001-2018
Mangarajpur,396007,Rajnagar,Kendrapara,VERY HIGH,1.0,10-14 times,OSDMA/NRSC Flood Hazard Atlas 2001-2018
Rajnagar,395998,Rajnagar,Kendrapara,VERY HIGH,1.0,10-14 times,OSDMA/NRSC Flood Hazard Atlas 2001-2018
Chakibanka,395936,Rajnagar,Kendrapara,NO_DATA,0.0,NO_DATA,OSDMA/NRSC Flood Hazard Atlas 2001-2018
Guludia,395996,Rajnagar,Kendrapara,VERY LOW,0.1,1 time,OSDMA/NRSC Flood Hazard Atlas 2001-2018
Baghua,395993,Rajnagar,Kendrapara,VERY LOW,0.1,1 time,OSDMA/NRSC Flood Hazard Atlas 2001-2018
Garjanpur,396001,Rajnagar,Kendrapara,VERY LOW,0.1,1 time,OSDMA/NRSC Flood Hazard Atlas 2001-2018
Firikidandi,395937,Rajnagar,Kendrapara,NO_DATA,0.0,NO_DATA,OSDMA/NRSC Flood Hazard Atlas 2001-2018
Sanabadagopalpur,396000,Rajnagar,Kendrapara,NO_DATA,0.0,NO_DATA,OSDMA/NRSC Flood Hazard Atlas 2001-2018
Mahinsasur,395995,Rajnagar,Kendrapara,VERY LOW,0.1,1 time,OSDMA/NRSC Flood Hazard Atlas 2001-2018
Jharpada,395908,Rajnagar,Kendrapara,VERY LOW,0.1,1 time,OSDMA/NRSC Flood Hazard Atlas 2001-2018
Khandeipara,395940,Rajnagar,Kendrapara,NO_DATA,0.0,NO_DATA,OSDMA/NRSC Flood Hazard Atlas 2001-2018
Baghataila,395952,Rajnagar,Kendrapara,LOW,0.3,2-4 times,OSDMA/NRSC Flood Hazard Atlas 2001-2018
Govindpur,395934,Rajnagar,Kendrapara,VERY LOW,0.1,1 time,OSDMA/NRSC Flood Hazard Atlas 2001-2018
Dhandia,395947,Rajnagar,Kendrapara,NO_DATA,0.0,NO_DATA,OSDMA/NRSC Flood Hazard Atlas 2001-2018
Kshirkot,396026,Rajnagar,Kendrapara,VERY LOW,0.1,1 time,OSDMA/NRSC Flood Hazard Atlas 2001-2018
Jagannathapur,396002,Rajnagar,Kendrapara,VERY LOW,0.1,1 time,OSDMA/NRSC Flood Hazard Atlas 2001-2018
Sukdevpur,396008,Rajnagar,Kendrapara,HIGH,0.8,7-9 times,OSDMA/NRSC Flood Hazard Atlas 2001-2018
Tamulia,397008,Mahakalapada,Kendrapara,VERY LOW,0.1,1 time,OSDMA/NRSC Flood Hazard Atlas 2001-2018
Tamulia,396003,Rajnagar,Kendrapara,VERY LOW,0.1,1 time,OSDMA/NRSC Flood Hazard Atlas 2001-2018
Dakhinadandi,395935,Rajnagar,Kendrapara,NO_DATA,0.0,NO_DATA,OSDMA/NRSC Flood Hazard Atlas 2001-2018
Singar Pur,397006,Mahakalapada,Kendrapara,VERY LOW,0.1,1 time,OSDMA/NRSC Flood Hazard Atlas 2001-2018
Keradasahi,396031,Rajnagar,Kendrapara,NO_DATA,0.0,NO_DATA,OSDMA/NRSC Flood Hazard Atlas 2001-2018
Padini,395911,Rajnagar,Kendrapara,NO_DATA,0.0,NO_DATA,OSDMA/NRSC Flood Hazard Atlas 2001-2018
Chandrasekhar,395964,Rajnagar,Kendrapara,NO_DATA,0.0,NO_DATA,OSDMA/NRSC Flood Hazard Atlas 2001-2018
Junapangara,395970,Rajnagar,Kendrapara,NO_DATA,0.0,NO_DATA,OSDMA/NRSC Flood Hazard Atlas 2001-2018
Bindhanaukana,396044,Rajnagar,Kendrapara,LOW,0.3,2-4 times,OSDMA/NRSC Flood Hazard Atlas 2001-2018
Gopalpur,395885,Rajnagar,Kendrapara,LOW,0.3,2-4 times,OSDMA/NRSC Flood Hazard Atlas 2001-2018
Baro,397010,Mahakalapada,Kendrapara,LOW,0.3,2-4 times,OSDMA/NRSC Flood Hazard Atlas 2001-2018
Khandiora,395981,Rajnagar,Kendrapara,VERY LOW,0.1,1 time,OSDMA/NRSC Flood Hazard Atlas 2001-2018
Junapanga,396019,Rajnagar,Kendrapara,NO_DATA,0.0,NO_DATA,OSDMA/NRSC Flood Hazard Atlas 2001-2018
Chakradharpur,396010,Rajnagar,Kendrapara,VERY HIGH,1.0,10-14 times,OSDMA/NRSC Flood Hazard Atlas 2001-2018
Nathapur,395961,Rajnagar,Kendrapara,VERY HIGH,1.0,10-14 times,OSDMA/NRSC Flood Hazard Atlas 2001-2018
Nodhabasanta,395962,Rajnagar,Kendrapara,NO_DATA,0.0,NO_DATA,OSDMA/NRSC Flood Hazard Atlas 2001-2018
Badanaukana,396023,Rajnagar,Kendrapara,HIGH,0.8,7-9 times,OSDMA/NRSC Flood Hazard Atlas 2001-2018
Manapara,395956,Rajnagar,Kendrapara,NO_DATA,0.0,NO_DATA,OSDMA/NRSC Flood Hazard Atlas 2001-2018
Bandhapur,396051,Rajnagar,Kendrapara,LOW,0.3,2-4 times,OSDMA/NRSC Flood Hazard Atlas 2001-2018
Endulapur,395986,Rajnagar,Kendrapara,VERY LOW,0.1,1 time,OSDMA/NRSC Flood Hazard Atlas 2001-2018
Sendhakani,395968,Rajnagar,Kendrapara,NO_DATA,0.0,NO_DATA,OSDMA/NRSC Flood Hazard Atlas 2001-2018
Hatiagadi,395954,Rajnagar,Kendrapara,NO_DATA,0.0,NO_DATA,OSDMA/NRSC Flood Hazard Atlas 2001-2018
Kanafulia,395977,Rajnagar,Kendrapara,NO_DATA,0.0,NO_DATA,OSDMA/NRSC Flood Hazard Atlas 2001-2018
Jhinkiria,395958,Rajnagar,Kendrapara,HIGH,0.8,7-9 times,OSDMA/NRSC Flood Hazard Atlas 2001-2018
Badhi,395972,Rajnagar,Kendrapara,VERY HIGH,1.0,10-14 times,OSDMA/NRSC Flood Hazard Atlas 2001-2018
Prasanpur,396013,Rajnagar,Kendrapara,NO_DATA,0.0,NO_DATA,OSDMA/NRSC Flood Hazard Atlas 2001-2018
Brahmansahi,396022,Rajnagar,Kendrapara,VERY HIGH,1.0,10-14 times,OSDMA/NRSC Flood Hazard Atlas 2001-2018
Kandhamara,396012,Rajnagar,Kendrapara,NO_DATA,0.0,NO_DATA,OSDMA/NRSC Flood Hazard Atlas 2001-2018
Penth,396021,Rajnagar,Kendrapara,NO_DATA,0.0,NO_DATA,OSDMA/NRSC Flood Hazard Atlas 2001-2018
Gokhani,395971,Rajnagar,Kendrapara,HIGH,0.8,7-9 times,OSDMA/NRSC Flood Hazard Atlas 2001-2018
Chinchiri,395982,Rajnagar,Kendrapara,HIGH,0.8,7-9 times,OSDMA/NRSC Flood Hazard Atlas 2001-2018
Paripangara,395963,Rajnagar,Kendrapara,LOW,0.3,2-4 times,OSDMA/NRSC Flood Hazard Atlas 2001-2018
Narangarh,395884,Rajnagar,Kendrapara,NO_DATA,0.0,NO_DATA,OSDMA/NRSC Flood Hazard Atlas 2001-2018
Kanakapur,395978,Rajnagar,Kendrapara,NO_DATA,0.0,NO_DATA,OSDMA/NRSC Flood Hazard Atlas 2001-2018
Bahargarh,395898,Rajnagar,Kendrapara,LOW,0.3,2-4 times,OSDMA/NRSC Flood Hazard Atlas 2001-2018
Velsari,396047,Rajnagar,Kendrapara,LOW,0.3,2-4 times,OSDMA/NRSC Flood Hazard Atlas 2001-2018
Joginatha,396074,Rajnagar,Kendrapara,VERY LOW,0.1,1 time,OSDMA/NRSC Flood Hazard Atlas 2001-2018
Badkuji,395985,Rajnagar,Kendrapara,HIGH,0.8,7-9 times,OSDMA/NRSC Flood Hazard Atlas 2001-2018
Gahmasikhar,395983,Rajnagar,Kendrapara,HIGH,0.8,7-9 times,OSDMA/NRSC Flood Hazard Atlas 2001-2018
Pokharia,395957,Rajnagar,Kendrapara,VERY HIGH,1.0,10-14 times,OSDMA/NRSC Flood Hazard Atlas 2001-2018
Mahulia,395953,Rajnagar,Kendrapara,NO_DATA,0.0,NO_DATA,OSDMA/NRSC Flood Hazard Atlas 2001-2018
Guhalkani,395959,Rajnagar,Kendrapara,LOW,0.3,2-4 times,OSDMA/NRSC Flood Hazard Atlas 2001-2018
Sundripal,396073,Rajnagar,Kendrapara,LOW,0.3,2-4 times,OSDMA/NRSC Flood Hazard Atlas 2001-2018
Kathapangara,395973,Rajnagar,Kendrapara,HIGH,0.8,7-9 times,OSDMA/NRSC Flood Hazard Atlas 2001-2018
Krishnapriyapur,395882,Rajnagar,Kendrapara,LOW,0.3,2-4 times,OSDMA/NRSC Flood Hazard Atlas 2001-2018
Lunia,396011,Rajnagar,Kendrapara,NO_DATA,0.0,NO_DATA,OSDMA/NRSC Flood Hazard Atlas 2001-2018
Tiara,395992,Rajnagar,Kendrapara,LOW,0.3,2-4 times,OSDMA/NRSC Flood Hazard Atlas 2001-2018
Dhagua,395991,Rajnagar,Kendrapara,LOW,0.3,2-4 times,OSDMA/NRSC Flood Hazard Atlas 2001-2018
Bhadia,395901,Rajnagar,Kendrapara,LOW,0.3,2-4 times,OSDMA/NRSC Flood Hazard Atlas 2001-2018
Khamarsahi,395955,Rajnagar,Kendrapara,NO_DATA,0.0,NO_DATA,OSDMA/NRSC Flood Hazard Atlas 2001-2018
Kathuaganda,395979,Rajnagar,Kendrapara,HIGH,0.8,7-9 times,OSDMA/NRSC Flood Hazard Atlas 2001-2018
Hatina,395988,Rajnagar,Kendrapara,VERY HIGH,1.0,10-14 times,OSDMA/NRSC Flood Hazard Atlas 2001-2018
Kaitha,395984,Rajnagar,Kendrapara,NO_DATA,0.0,NO_DATA,OSDMA/NRSC Flood Hazard Atlas 2001-2018
Dera,395987,Rajnagar,Kendrapara,VERY HIGH,1.0,10-14 times,OSDMA/NRSC Flood Hazard Atlas 2001-2018
Mugakani,395989,Rajnagar,Kendrapara,VERY HIGH,1.0,10-14 times,OSDMA/NRSC Flood Hazard Atlas 2001-2018
Pachimaveda,395960,Rajnagar,Kendrapara,NO_DATA,0.0,NO_DATA,OSDMA/NRSC Flood Hazard Atlas 2001-2018
Kurunti,395990,Rajnagar,Kendrapara,VERY HIGH,1.0,10-14 times,OSDMA/NRSC Flood Hazard Atlas 2001-2018
Chardia,395902,Rajnagar,Kendrapara,VERY LOW,0.1,1 time,OSDMA/NRSC Flood Hazard Atlas 2001-2018
Nuagan,395980,Rajnagar,Kendrapara,NO_DATA,0.0,NO_DATA,OSDMA/NRSC Flood Hazard Atlas 2001-2018
Maliparida,395965,Rajnagar,Kendrapara,NO_DATA,0.0,NO_DATA,OSDMA/NRSC Flood Hazard Atlas 2001-2018
Dhobeigarh,395974,Rajnagar,Kendrapara,HIGH,0.8,7-9 times,OSDMA/NRSC Flood Hazard Atlas 2001-2018
Nachhipara,395976,Rajnagar,Kendrapara,HIGH,0.8,7-9 times,OSDMA/NRSC Flood Hazard Atlas 2001-2018
Gadadharpur,395890,Rajnagar,Kendrapara,NO_DATA,0.0,NO_DATA,OSDMA/NRSC Flood Hazard Atlas 2001-2018
Laxminarayanpur,395897,Rajnagar,Kendrapara,VERY HIGH,1.0,10-14 times,OSDMA/NRSC Flood Hazard Atlas 2001-2018
Paunsiapal,397011,Mahakalapada,Kendrapara,NO_DATA,0.0,NO_DATA,OSDMA/NRSC Flood Hazard Atlas 2001-2018
Ambaora,395891,Rajnagar,Kendrapara,VERY HIGH,1.0,10-14 times,OSDMA/NRSC Flood Hazard Atlas 2001-2018
Kanhupur,396050,Rajnagar,Kendrapara,LOW,0.3,2-4 times,OSDMA/NRSC Flood Hazard Atlas 2001-2018
Nuapokhari,395969,Rajnagar,Kendrapara,LOW,0.3,2-4 times,OSDMA/NRSC Flood Hazard Atlas 2001-2018
Chittakolha,396014,Rajnagar,Kendrapara,HIGH,0.8,7-9 times,OSDMA/NRSC Flood Hazard Atlas 2001-2018
Sankuji,396015,Rajnagar,Kendrapara,HIGH,0.8,7-9 times,OSDMA/NRSC Flood Hazard Atlas 2001-2018
Bhatasahi,395967,Rajnagar,Kendrapara,NO_DATA,0.0,NO_DATA,OSDMA/NRSC Flood Hazard Atlas 2001-2018
Ogalasendha,395966,Rajnagar,Kendrapara,NO_DATA,0.0,NO_DATA,OSDMA/NRSC Flood Hazard Atlas 2001-2018
Chakulidiha,397009,Mahakalapada,Kendrapara,LOW,0.3,2-4 times,OSDMA/NRSC Flood Hazard Atlas 2001-2018
Kadalichua,396046,Rajnagar,Kendrapara,VERY LOW,0.1,1 time,OSDMA/NRSC Flood Hazard Atlas 2001-2018
Akarapara,396045,Rajnagar,Kendrapara,LOW,0.3,2-4 times,OSDMA/NRSC Flood Hazard Atlas 2001-2018
Charapada,395648,Rajkanika,Kendrapara,LOW,0.3,2-4 times,OSDMA/NRSC Flood Hazard Atlas 2001-2018
Kharakhara,396105,Rajkanika,Kendrapara,LOW,0.3,2-4 times,OSDMA/NRSC Flood Hazard Atlas 2001-2018
Ujanga,395652,Rajkanika,Kendrapara,HIGH,0.8,7-9 times,OSDMA/NRSC Flood Hazard Atlas 2001-2018
Mirzapur,395709,Rajkanika,Kendrapara,HIGH,0.8,7-9 times,OSDMA/NRSC Flood Hazard Atlas 2001-2018
Namatara,395649,Rajkanika,Kendrapara,VERY HIGH,1.0,10-14 times,OSDMA/NRSC Flood Hazard Atlas 2001-2018
Deulatara,395650,Rajkanika,Kendrapara,HIGH,0.8,7-9 times,OSDMA/NRSC Flood Hazard Atlas 2001-2018
Muradpur,395651,Rajkanika,Kendrapara,VERY HIGH,1.0,10-14 times,OSDMA/NRSC Flood Hazard Atlas 2001-2018
Habalaganda,395711,Rajkanika,Kendrapara,NO_DATA,0.0,NO_DATA,OSDMA/NRSC Flood Hazard Atlas 2001-2018
Gopinathapur,395643,Rajkanika,Kendrapara,LOW,0.3,2-4 times,OSDMA/NRSC Flood Hazard Atlas 2001-2018
Parinuapada,395712,Rajkanika,Kendrapara,HIGH,0.8,7-9 times,OSDMA/NRSC Flood Hazard Atlas 2001-2018
Bharigada,395705,Rajkanika,Kendrapara,VERY HIGH,1.0,10-14 times,OSDMA/NRSC Flood Hazard Atlas 2001-2018
Dakhinaveda,395907,Rajnagar,Kendrapara,VERY LOW,0.1,1 time,OSDMA/NRSC Flood Hazard Atlas 2001-2018
Abdulpur,395647,Rajkanika,Kendrapara,LOW,0.3,2-4 times,OSDMA/NRSC Flood Hazard Atlas 2001-2018
Mahamadpur,395592,Rajkanika,Kendrapara,VERY HIGH,1.0,10-14 times,OSDMA/NRSC Flood Hazard Atlas 2001-2018
Hatasahi,395642,Rajkanika,Kendrapara,HIGH,0.8,7-9 times,OSDMA/NRSC Flood Hazard Atlas 2001-2018
Sihopada,395641,Rajkanika,Kendrapara,HIGH,0.8,7-9 times,OSDMA/NRSC Flood Hazard Atlas 2001-2018
Kanapur Kaema,395603,Rajkanika,Kendrapara,NO_DATA,0.0,NO_DATA,OSDMA/NRSC Flood Hazard Atlas 2001-2018
Padhanpada,395594,Rajkanika,Kendrapara,VERY HIGH,1.0,10-14 times,OSDMA/NRSC Flood Hazard Atlas 2001-2018
Batarapada,395598,Rajkanika,Kendrapara,HIGH,0.8,7-9 times,OSDMA/NRSC Flood Hazard Atlas 2001-2018
Bhamanda,395600,Rajkanika,Kendrapara,HIGH,0.8,7-9 times,OSDMA/NRSC Flood Hazard Atlas 2001-2018
Kanapur Barha,395602,Rajkanika,Kendrapara,NO_DATA,0.0,NO_DATA,OSDMA/NRSC Flood Hazard Atlas 2001-2018
Ahamadpur,395646,Rajkanika,Kendrapara,LOW,0.3,2-4 times,OSDMA/NRSC Flood Hazard Atlas 2001-2018
Fazilpur,395593,Rajkanika,Kendrapara,VERY HIGH,1.0,10-14 times,OSDMA/NRSC Flood Hazard Atlas 2001-2018
Sanahalapada,395596,Rajkanika,Kendrapara,VERY HIGH,1.0,10-14 times,OSDMA/NRSC Flood Hazard Atlas 2001-2018
Agapada,395640,Rajkanika,Kendrapara,HIGH,0.8,7-9 times,OSDMA/NRSC Flood Hazard Atlas 2001-2018
Gahamapal,395599,Rajkanika,Kendrapara,VERY HIGH,1.0,10-14 times,OSDMA/NRSC Flood Hazard Atlas 2001-2018
Damodarpur,395645,Rajkanika,Kendrapara,NO_DATA,0.0,NO_DATA,OSDMA/NRSC Flood Hazard Atlas 2001-2018
Kothasahi,395653,Rajkanika,Kendrapara,HIGH,0.8,7-9 times,OSDMA/NRSC Flood Hazard Atlas 2001-2018
Panasaganda,395644,Rajkanika,Kendrapara,VERY HIGH,1.0,10-14 times,OSDMA/NRSC Flood Hazard Atlas 2001-2018
Badahalapada,395595,Rajkanika,Kendrapara,VERY HIGH,1.0,10-14 times,OSDMA/NRSC Flood Hazard Atlas 2001-2018
Domanda Barha,395601,Rajkanika,Kendrapara,NO_DATA,0.0,NO_DATA,OSDMA/NRSC Flood Hazard Atlas 2001-2018
Sikdarpur,395597,Rajkanika,Kendrapara,VERY HIGH,1.0,10-14 times,OSDMA/NRSC Flood Hazard Atlas 2001-2018
Nuadia,395745,Rajkanika,Kendrapara,NO_DATA,0.0,NO_DATA,OSDMA/NRSC Flood Hazard Atlas 2001-2018
Balabhadraprasad,395917,Rajnagar,Kendrapara,NO_DATA,0.0,NO_DATA,OSDMA/NRSC Flood Hazard Atlas 2001-2018
Parimakundapur,395713,Rajkanika,Kendrapara,HIGH,0.8,7-9 times,OSDMA/NRSC Flood Hazard Atlas 2001-2018
Tentulikoli,395726,Rajkanika,Kendrapara,LOW,0.3,2-4 times,OSDMA/NRSC Flood Hazard Atlas 2001-2018
Manikhandi,395919,Rajnagar,Kendrapara,LOW,0.3,2-4 times,OSDMA/NRSC Flood Hazard Atlas 2001-2018
Deulasahi,395655,Rajkanika,Kendrapara,HIGH,0.8,7-9 times,OSDMA/NRSC Flood Hazard Atlas 2001-2018
Belpal,395925,Rajnagar,Kendrapara,LOW,0.3,2-4 times,OSDMA/NRSC Flood Hazard Atlas 2001-2018
Badaraja,395722,Rajkanika,Kendrapara,NO_DATA,0.0,NO_DATA,OSDMA/NRSC Flood Hazard Atlas 2001-2018
Barunadia,395706,Rajkanika,Kendrapara,NO_DATA,0.0,NO_DATA,OSDMA/NRSC Flood Hazard Atlas 2001-2018
Bartani,395676,Rajkanika,Kendrapara,LOW,0.3,2-4 times,OSDMA/NRSC Flood Hazard Atlas 2001-2018
Keshanagar,395704,Rajkanika,Kendrapara,NO_DATA,0.0,NO_DATA,OSDMA/NRSC Flood Hazard Atlas 2001-2018
Balikana,395924,Rajnagar,Kendrapara,NO_DATA,0.0,NO_DATA,OSDMA/NRSC Flood Hazard Atlas 2001-2018
Nahulia,395698,Rajkanika,Kendrapara,LOW,0.3,2-4 times,OSDMA/NRSC Flood Hazard Atlas 2001-2018
Keradagarh,395914,Rajnagar,Kendrapara,NO_DATA,0.0,NO_DATA,OSDMA/NRSC Flood Hazard Atlas 2001-2018
Bandhapatana,395927,Rajnagar,Kendrapara,LOW,0.3,2-4 times,OSDMA/NRSC Flood Hazard Atlas 2001-2018
Koranda,395721,Rajkanika,Kendrapara,NO_DATA,0.0,NO_DATA,OSDMA/NRSC Flood Hazard Atlas 2001-2018
Pandurkoli,395747,Rajkanika,Kendrapara,VERY LOW,0.1,1 time,OSDMA/NRSC Flood Hazard Atlas 2001-2018
Meghapur,395725,Rajkanika,Kendrapara,LOW,0.3,2-4 times,OSDMA/NRSC Flood Hazard Atlas 2001-2018
Patarapur,395758,Rajkanika,Kendrapara,VERY LOW,0.1,1 time,OSDMA/NRSC Flood Hazard Atlas 2001-2018
Chhadesh,395657,Rajkanika,Kendrapara,NO_DATA,0.0,NO_DATA,OSDMA/NRSC Flood Hazard Atlas 2001-2018
Baruna,395708,Rajkanika,Kendrapara,HIGH,0.8,7-9 times,OSDMA/NRSC Flood Hazard Atlas 2001-2018
Sisua,395695,Rajkanika,Kendrapara,VERY LOW,0.1,1 time,OSDMA/NRSC Flood Hazard Atlas 2001-2018
Banidihapatna,395707,Rajkanika,Kendrapara,NO_DATA,0.0,NO_DATA,OSDMA/NRSC Flood Hazard Atlas 2001-2018
Chalunia,395697,Rajkanika,Kendrapara,LOW,0.3,2-4 times,OSDMA/NRSC Flood Hazard Atlas 2001-2018
Jaganathpursasan,395922,Rajnagar,Kendrapara,LOW,0.3,2-4 times,OSDMA/NRSC Flood Hazard Atlas 2001-2018
Ostia,395928,Rajnagar,Kendrapara,LOW,0.3,2-4 times,OSDMA/NRSC Flood Hazard Atlas 2001-2018
Nagada,395929,Rajnagar,Kendrapara,LOW,0.3,2-4 times,OSDMA/NRSC Flood Hazard Atlas 2001-2018
Bhagabanpur,395923,Rajnagar,Kendrapara,NO_DATA,0.0,NO_DATA,OSDMA/NRSC Flood Hazard Atlas 2001-2018
Maneidiha,395702,Rajkanika,Kendrapara,VERY HIGH,1.0,10-14 times,OSDMA/NRSC Flood Hazard Atlas 2001-2018
Chandanpur,395915,Rajnagar,Kendrapara,HIGH,0.8,7-9 times,OSDMA/NRSC Flood Hazard Atlas 2001-2018
Nethuria,395858,Rajnagar,Kendrapara,LOW,0.3,2-4 times,OSDMA/NRSC Flood Hazard Atlas 2001-2018
Rajpur,395916,Rajnagar,Kendrapara,LOW,0.3,2-4 times,OSDMA/NRSC Flood Hazard Atlas 2001-2018
Sanolara,395921,Rajnagar,Kendrapara,HIGH,0.8,7-9 times,OSDMA/NRSC Flood Hazard Atlas 2001-2018
Madhupur,395918,Rajnagar,Kendrapara,VERY LOW,0.1,1 time,OSDMA/NRSC Flood Hazard Atlas 2001-2018
Naladia,395930,Rajnagar,Kendrapara,VERY HIGH,1.0,10-14 times,OSDMA/NRSC Flood Hazard Atlas 2001-2018
Jayakunda,395759,Rajkanika,Kendrapara,VERY LOW,0.1,1 time,OSDMA/NRSC Flood Hazard Atlas 2001-2018
Achhutapur,395661,Rajkanika,Kendrapara,VERY HIGH,1.0,10-14 times,OSDMA/NRSC Flood Hazard Atlas 2001-2018
Makundapur,395662,Rajkanika,Kendrapara,VERY LOW,0.1,1 time,OSDMA/NRSC Flood Hazard Atlas 2001-2018
Pandiapali,395675,Rajkanika,Kendrapara,LOW,0.3,2-4 times,OSDMA/NRSC Flood Hazard Atlas 2001-2018
Singidi,395748,Rajkanika,Kendrapara,VERY LOW,0.1,1 time,OSDMA/NRSC Flood Hazard Atlas 2001-2018
Gangadharprasaddia,395746,Rajkanika,Kendrapara,VERY LOW,0.1,1 time,OSDMA/NRSC Flood Hazard Atlas 2001-2018
Bansaria,395718,Rajkanika,Kendrapara,LOW,0.3,2-4 times,OSDMA/NRSC Flood Hazard Atlas 2001-2018
Khandeita,395743,Rajkanika,Kendrapara,LOW,0.3,2-4 times,OSDMA/NRSC Flood Hazard Atlas 2001-2018
Mahadeiadia,395744,Rajkanika,Kendrapara,VERY LOW,0.1,1 time,OSDMA/NRSC Flood Hazard Atlas 2001-2018
Kothasahi,395701,Rajkanika,Kendrapara,HIGH,0.8,7-9 times,OSDMA/NRSC Flood Hazard Atlas 2001-2018
Gobanga,395719,Rajkanika,Kendrapara,NO_DATA,0.0,NO_DATA,OSDMA/NRSC Flood Hazard Atlas 2001-2018
Ayatan,395723,Rajkanika,Kendrapara,NO_DATA,0.0,NO_DATA,OSDMA/NRSC Flood Hazard Atlas 2001-2018
Rautabartani,395724,Rajkanika,Kendrapara,VERY LOW,0.1,1 time,OSDMA/NRSC Flood Hazard Atlas 2001-2018
Dalikaenda,395717,Rajkanika,Kendrapara,VERY LOW,0.1,1 time,OSDMA/NRSC Flood Hazard Atlas 2001-2018
Siko,395720,Rajkanika,Kendrapara,NO_DATA,0.0,NO_DATA,OSDMA/NRSC Flood Hazard Atlas 2001-2018
Badajoramuhan,395714,Rajkanika,Kendrapara,NO_DATA,0.0,NO_DATA,OSDMA/NRSC Flood Hazard Atlas 2001-2018
Jharkata,395715,Rajkanika,Kendrapara,VERY LOW,0.1,1 time,OSDMA/NRSC Flood Hazard Atlas 2001-2018
Mangalapur,395716,Rajkanika,Kendrapara,LOW,0.3,2-4 times,OSDMA/NRSC Flood Hazard Atlas 2001-2018
Nandimahara,395699,Rajkanika,Kendrapara,LOW,0.3,2-4 times,OSDMA/NRSC Flood Hazard Atlas 2001-2018
Dasabhagaria,395703,Rajkanika,Kendrapara,LOW,0.3,2-4 times,OSDMA/NRSC Flood Hazard Atlas 2001-2018
Joral,395696,Rajkanika,Kendrapara,LOW,0.3,2-4 times,OSDMA/NRSC Flood Hazard Atlas 2001-2018
Giria,395700,Rajkanika,Kendrapara,LOW,0.3,2-4 times,OSDMA/NRSC Flood Hazard Atlas 2001-2018
Baradia,395920,Rajnagar,Kendrapara,LOW,0.3,2-4 times,OSDMA/NRSC Flood Hazard Atlas 2001-2018
Matia,395910,Rajnagar,Kendrapara,VERY LOW,0.1,1 time,OSDMA/NRSC Flood Hazard Atlas 2001-2018
Pancheswar,395913,Rajnagar,Kendrapara,NO_DATA,0.0,NO_DATA,OSDMA/NRSC Flood Hazard Atlas 2001-2018
Belpaldia,395926,Rajnagar,Kendrapara,LOW,0.3,2-4 times,OSDMA/NRSC Flood Hazard Atlas 2001-2018
Sangrampur,395728,Rajkanika,Kendrapara,NO_DATA,0.0,NO_DATA,OSDMA/NRSC Flood Hazard Atlas 2001-2018
Anantapur,395683,Rajkanika,Kendrapara,LOW,0.3,2-4 times,OSDMA/NRSC Flood Hazard Atlas 2001-2018
Bektakolha,395887,Rajnagar,Kendrapara,HIGH,0.8,7-9 times,OSDMA/NRSC Flood Hazard Atlas 2001-2018
Khunta,395732,Rajkanika,Kendrapara,VERY LOW,0.1,1 time,OSDMA/NRSC Flood Hazard Atlas 2001-2018
Khuntakana,395854,Rajnagar,Kendrapara,LOW,0.3,2-4 times,OSDMA/NRSC Flood Hazard Atlas 2001-2018
Chakamanpur,395841,Rajnagar,Kendrapara,VERY LOW,0.1,1 time,OSDMA/NRSC Flood Hazard Atlas 2001-2018
Jaganathpur,395857,Rajnagar,Kendrapara,VERY LOW,0.1,1 time,OSDMA/NRSC Flood Hazard Atlas 2001-2018
Amanapari,395861,Rajnagar,Kendrapara,LOW,0.3,2-4 times,OSDMA/NRSC Flood Hazard Atlas 2001-2018
Paramanandpur,395804,Rajnagar,Kendrapara,VERY LOW,0.1,1 time,OSDMA/NRSC Flood Hazard Atlas 2001-2018
Jayanagar,395691,Rajkanika,Kendrapara,VERY LOW,0.1,1 time,OSDMA/NRSC Flood Hazard Atlas 2001-2018
Banabiharipur,395874,Rajnagar,Kendrapara,HIGH,0.8,7-9 times,OSDMA/NRSC Flood Hazard Atlas 2001-2018
Kantapada,395694,Rajkanika,Kendrapara,LOW,0.3,2-4 times,OSDMA/NRSC Flood Hazard Atlas 2001-2018
Hansua,395855,Rajnagar,Kendrapara,LOW,0.3,2-4 times,OSDMA/NRSC Flood Hazard Atlas 2001-2018
Kusunpur,395690,Rajkanika,Kendrapara,VERY LOW,0.1,1 time,OSDMA/NRSC Flood Hazard Atlas 2001-2018
Sankarnathpeta,395871,Rajnagar,Kendrapara,HIGH,0.8,7-9 times,OSDMA/NRSC Flood Hazard Atlas 2001-2018
Madhupur,395862,Rajnagar,Kendrapara,VERY LOW,0.1,1 time,OSDMA/NRSC Flood Hazard Atlas 2001-2018
Chandibaunsamula,395900,Rajnagar,Kendrapara,LOW,0.3,2-4 times,OSDMA/NRSC Flood Hazard Atlas 2001-2018
Hansina,395856,Rajnagar,Kendrapara,LOW,0.3,2-4 times,OSDMA/NRSC Flood Hazard Atlas 2001-2018
Rajbijaya Nagar,395822,Rajnagar,Kendrapara,NO_DATA,0.0,NO_DATA,OSDMA/NRSC Flood Hazard Atlas 2001-2018
Baruna,395859,Rajnagar,Kendrapara,HIGH,0.8,7-9 times,OSDMA/NRSC Flood Hazard Atlas 2001-2018
Adabhutia,395837,Rajnagar,Kendrapara,VERY LOW,0.1,1 time,OSDMA/NRSC Flood Hazard Atlas 2001-2018
Baunsakani,395864,Rajnagar,Kendrapara,NO_DATA,0.0,NO_DATA,OSDMA/NRSC Flood Hazard Atlas 2001-2018
Rajrajeswaripur,395873,Rajnagar,Kendrapara,NO_DATA,0.0,NO_DATA,OSDMA/NRSC Flood Hazard Atlas 2001-2018
Dholamara,395852,Rajnagar,Kendrapara,LOW,0.3,2-4 times,OSDMA/NRSC Flood Hazard Atlas 2001-2018
Bhitargarh,395899,Rajnagar,Kendrapara,NO_DATA,0.0,NO_DATA,OSDMA/NRSC Flood Hazard Atlas 2001-2018
Badhinakolha,395894,Rajnagar,Kendrapara,VERY HIGH,1.0,10-14 times,OSDMA/NRSC Flood Hazard Atlas 2001-2018
Dhamara,395756,Rajkanika,Kendrapara,VERY LOW,0.1,1 time,OSDMA/NRSC Flood Hazard Atlas 2001-2018
Purusottampur,395835,Rajnagar,Kendrapara,VERY LOW,0.1,1 time,OSDMA/NRSC Flood Hazard Atlas 2001-2018
Garadapur,395749,Rajkanika,Kendrapara,NO_DATA,0.0,NO_DATA,OSDMA/NRSC Flood Hazard Atlas 2001-2018
Bishnupara,395896,Rajnagar,Kendrapara,HIGH,0.8,7-9 times,OSDMA/NRSC Flood Hazard Atlas 2001-2018
Hariharpur,395886,Rajnagar,Kendrapara,LOW,0.3,2-4 times,OSDMA/NRSC Flood Hazard Atlas 2001-2018
Padmanav Pur,395868,Rajnagar,Kendrapara,VERY LOW,0.1,1 time,OSDMA/NRSC Flood Hazard Atlas 2001-2018
Kuhudi,395620,Rajkanika,Kendrapara,VERY LOW,0.1,1 time,OSDMA/NRSC Flood Hazard Atlas 2001-2018
Koilipur,395736,Rajkanika,Kendrapara,VERY LOW,0.1,1 time,OSDMA/NRSC Flood Hazard Atlas 2001-2018
Madhupur,395815,Rajnagar,Kendrapara,VERY LOW,0.1,1 time,OSDMA/NRSC Flood Hazard Atlas 2001-2018
Balarampur,395845,Rajnagar,Kendrapara,VERY LOW,0.1,1 time,OSDMA/NRSC Flood Hazard Atlas 2001-2018
Badapal,395869,Rajnagar,Kendrapara,VERY LOW,0.1,1 time,OSDMA/NRSC Flood Hazard Atlas 2001-2018
Katanabania,395752,Rajkanika,Kendrapara,VERY LOW,0.1,1 time,OSDMA/NRSC Flood Hazard Atlas 2001-2018
Loknathprasad,395850,Rajnagar,Kendrapara,VERY LOW,0.1,1 time,OSDMA/NRSC Flood Hazard Atlas 2001-2018
Jaganathprasad_ Dia,395733,Rajkanika,Kendrapara,NO_DATA,0.0,NO_DATA,OSDMA/NRSC Flood Hazard Atlas 2001-2018
Biradia,395757,Rajkanika,Kendrapara,VERY LOW,0.1,1 time,OSDMA/NRSC Flood Hazard Atlas 2001-2018
Gothakolha,395849,Rajnagar,Kendrapara,VERY LOW,0.1,1 time,OSDMA/NRSC Flood Hazard Atlas 2001-2018
Handiagarh,395865,Rajnagar,Kendrapara,VERY HIGH,1.0,10-14 times,OSDMA/NRSC Flood Hazard Atlas 2001-2018
Madarangapata,395750,Rajkanika,Kendrapara,NO_DATA,0.0,NO_DATA,OSDMA/NRSC Flood Hazard Atlas 2001-2018
Singadapal,395872,Rajnagar,Kendrapara,NO_DATA,0.0,NO_DATA,OSDMA/NRSC Flood Hazard Atlas 2001-2018
Bimisnagar,395870,Rajnagar,Kendrapara,NO_DATA,0.0,NO_DATA,OSDMA/NRSC Flood Hazard Atlas 2001-2018
Raulia,395692,Rajkanika,Kendrapara,NO_DATA,0.0,NO_DATA,OSDMA/NRSC Flood Hazard Atlas 2001-2018
Junus Nagar,395836,Rajnagar,Kendrapara,VERY LOW,0.1,1 time,OSDMA/NRSC Flood Hazard Atlas 2001-2018
Kandira,395860,Rajnagar,Kendrapara,LOW,0.3,2-4 times,OSDMA/NRSC Flood Hazard Atlas 2001-2018
Silapokhari,395892,Rajnagar,Kendrapara,VERY HIGH,1.0,10-14 times,OSDMA/NRSC Flood Hazard Atlas 2001-2018
Charipokharia,395893,Rajnagar,Kendrapara,VERY HIGH,1.0,10-14 times,OSDMA/NRSC Flood Hazard Atlas 2001-2018
Jharkata,395904,Rajnagar,Kendrapara,VERY LOW,0.1,1 time,OSDMA/NRSC Flood Hazard Atlas 2001-2018
Sribantapur,395839,Rajnagar,Kendrapara,VERY LOW,0.1,1 time,OSDMA/NRSC Flood Hazard Atlas 2001-2018
Panchu Palli,395817,Rajnagar,Kendrapara,VERY LOW,0.1,1 time,OSDMA/NRSC Flood Hazard Atlas 2001-2018
Khulari,395741,Rajkanika,Kendrapara,NO_DATA,0.0,NO_DATA,OSDMA/NRSC Flood Hazard Atlas 2001-2018
Ajagar Patia,395824,Rajnagar,Kendrapara,VERY LOW,0.1,1 time,OSDMA/NRSC Flood Hazard Atlas 2001-2018
Padmanavpur,395816,Rajnagar,Kendrapara,VERY LOW,0.1,1 time,OSDMA/NRSC Flood Hazard Atlas 2001-2018
Trailokyapur,395729,Rajkanika,Kendrapara,NO_DATA,0.0,NO_DATA,OSDMA/NRSC Flood Hazard Atlas 2001-2018
Badapanka,395693,Rajkanika,Kendrapara,NO_DATA,0.0,NO_DATA,OSDMA/NRSC Flood Hazard Atlas 2001-2018
Balarampur,395866,Rajnagar,Kendrapara,VERY LOW,0.1,1 time,OSDMA/NRSC Flood Hazard Atlas 2001-2018
Bajapur,395753,Rajkanika,Kendrapara,VERY LOW,0.1,1 time,OSDMA/NRSC Flood Hazard Atlas 2001-2018
Sana Gokhani,395821,Rajnagar,Kendrapara,NO_DATA,0.0,NO_DATA,OSDMA/NRSC Flood Hazard Atlas 2001-2018
Balunga Patia,395825,Rajnagar,Kendrapara,VERY LOW,0.1,1 time,OSDMA/NRSC Flood Hazard Atlas 2001-2018
Nuagan Baragan,395863,Rajnagar,Kendrapara,NO_DATA,0.0,NO_DATA,OSDMA/NRSC Flood Hazard Atlas 2001-2018
Sila Pokhari,395818,Rajnagar,Kendrapara,LOW,0.3,2-4 times,OSDMA/NRSC Flood Hazard Atlas 2001-2018
Rajendranarayanpur,395805,Rajnagar,Kendrapara,VERY LOW,0.1,1 time,OSDMA/NRSC Flood Hazard Atlas 2001-2018
Jaduchandrapur,395903,Rajnagar,Kendrapara,VERY LOW,0.1,1 time,OSDMA/NRSC Flood Hazard Atlas 2001-2018
Brahmanikholha,395895,Rajnagar,Kendrapara,VERY HIGH,1.0,10-14 times,OSDMA/NRSC Flood Hazard Atlas 2001-2018
Kusunpur,395853,Rajnagar,Kendrapara,VERY LOW,0.1,1 time,OSDMA/NRSC Flood Hazard Atlas 2001-2018
Nalajodi,395867,Rajnagar,Kendrapara,NO_DATA,0.0,NO_DATA,OSDMA/NRSC Flood Hazard Atlas 2001-2018
Gupti,395838,Rajnagar,Kendrapara,VERY LOW,0.1,1 time,OSDMA/NRSC Flood Hazard Atlas 2001-2018
Daenigiri,395754,Rajkanika,Kendrapara,NO_DATA,0.0,NO_DATA,OSDMA/NRSC Flood Hazard Atlas 2001-2018
Daruora,395846,Rajnagar,Kendrapara,VERY LOW,0.1,1 time,OSDMA/NRSC Flood Hazard Atlas 2001-2018
Jhadamala,395755,Rajkanika,Kendrapara,VERY LOW,0.1,1 time,OSDMA/NRSC Flood Hazard Atlas 2001-2018
Ghadiamal,395844,Rajnagar,Kendrapara,VERY LOW,0.1,1 time,OSDMA/NRSC Flood Hazard Atlas 2001-2018
Bandhamala,395751,Rajkanika,Kendrapara,VERY LOW,0.1,1 time,OSDMA/NRSC Flood Hazard Atlas 2001-2018
Nuagan,395843,Rajnagar,Kendrapara,NO_DATA,0.0,NO_DATA,OSDMA/NRSC Flood Hazard Atlas 2001-2018
Dibakarpur,395842,Rajnagar,Kendrapara,VERY LOW,0.1,1 time,OSDMA/NRSC Flood Hazard Atlas 2001-2018
Ghusuria,395738,Rajkanika,Kendrapara,VERY LOW,0.1,1 time,OSDMA/NRSC Flood Hazard Atlas 2001-2018
Charipokharia,395739,Rajkanika,Kendrapara,VERY HIGH,1.0,10-14 times,OSDMA/NRSC Flood Hazard Atlas 2001-2018
Biswanathpur,395742,Rajkanika,Kendrapara,LOW,0.3,2-4 times,OSDMA/NRSC Flood Hazard Atlas 2001-2018
Iswarpur,395813,Rajnagar,Kendrapara,VERY LOW,0.1,1 time,OSDMA/NRSC Flood Hazard Atlas 2001-2018
Righa Garh,395812,Rajnagar,Kendrapara,VERY LOW,0.1,1 time,OSDMA/NRSC Flood Hazard Atlas 2001-2018
Kujipur,395730,Rajkanika,Kendrapara,NO_DATA,0.0,NO_DATA,OSDMA/NRSC Flood Hazard Atlas 2001-2018
Subhadraprasad Dia,395734,Rajkanika,Kendrapara,VERY LOW,0.1,1 time,OSDMA/NRSC Flood Hazard Atlas 2001-2018
Gharabhanjakola,395737,Rajkanika,Kendrapara,VERY LOW,0.1,1 time,OSDMA/NRSC Flood Hazard Atlas 2001-2018
Nuakhunta,395819,Rajnagar,Kendrapara,NO_DATA,0.0,NO_DATA,OSDMA/NRSC Flood Hazard Atlas 2001-2018
Balabhadrapur,395823,Rajnagar,Kendrapara,VERY HIGH,1.0,10-14 times,OSDMA/NRSC Flood Hazard Atlas 2001-2018
Gumura,395826,Rajnagar,Kendrapara,VERY LOW,0.1,1 time,OSDMA/NRSC Flood Hazard Atlas 2001-2018
Gajarajpur,395740,Rajkanika,Kendrapara,LOW,0.3,2-4 times,OSDMA/NRSC Flood Hazard Atlas 2001-2018
Gobindakana,395735,Rajkanika,Kendrapara,NO_DATA,0.0,NO_DATA,OSDMA/NRSC Flood Hazard Atlas 2001-2018
Dighi,395814,Rajnagar,Kendrapara,VERY LOW,0.1,1 time,OSDMA/NRSC Flood Hazard Atlas 2001-2018
Tarapada,395731,Rajkanika,Kendrapara,LOW,0.3,2-4 times,OSDMA/NRSC Flood Hazard Atlas 2001-2018
Kantipokhari,395727,Rajkanika,Kendrapara,NO_DATA,0.0,NO_DATA,OSDMA/NRSC Flood Hazard Atlas 2001-2018
Iswarpur,395682,Rajkanika,Kendrapara,VERY LOW,0.1,1 time,OSDMA/NRSC Flood Hazard Atlas 2001-2018
Arjunpur,395840,Rajnagar,Kendrapara,VERY LOW,0.1,1 time,OSDMA/NRSC Flood Hazard Atlas 2001-2018
Taneipada,395679,Rajkanika,Kendrapara,LOW,0.3,2-4 times,OSDMA/NRSC Flood Hazard Atlas 2001-2018
Pitanda,395820,Rajnagar,Kendrapara,VERY HIGH,1.0,10-14 times,OSDMA/NRSC Flood Hazard Atlas 2001-2018
Nuagaon Satagan,395905,Rajnagar,Kendrapara,NO_DATA,0.0,NO_DATA,OSDMA/NRSC Flood Hazard Atlas 2001-2018
Baliora,395883,Rajnagar,Kendrapara,NO_DATA,0.0,NO_DATA,OSDMA/NRSC Flood Hazard Atlas 2001-2018
Gopinathpur,395906,Rajnagar,Kendrapara,HIGH,0.8,7-9 times,OSDMA/NRSC Flood Hazard Atlas 2001-2018
Kendukolha,395888,Rajnagar,Kendrapara,NO_DATA,0.0,NO_DATA,OSDMA/NRSC Flood Hazard Atlas 2001-2018
Bedhuakolha,395851,Rajnagar,Kendrapara,VERY LOW,0.1,1 time,OSDMA/NRSC Flood Hazard Atlas 2001-2018
Balabhadraprasad Dia,395689,Rajkanika,Kendrapara,NO_DATA,0.0,NO_DATA,OSDMA/NRSC Flood Hazard Atlas 2001-2018
Bhitarkanika,395806,Rajnagar,Kendrapara,NO_DATA,0.0,NO_DATA,OSDMA/NRSC Flood Hazard Atlas 2001-2018
Hansina Dia,395848,Rajnagar,Kendrapara,VERY LOW,0.1,1 time,OSDMA/NRSC Flood Hazard Atlas 2001-2018
Debendranarayanpur,395875,Rajnagar,Kendrapara,NO_DATA,0.0,NO_DATA,OSDMA/NRSC Flood Hazard Atlas 2001-2018
Sangopalpur,395889,Rajnagar,Kendrapara,NO_DATA,0.0,NO_DATA,OSDMA/NRSC Flood Hazard Atlas 2001-2018
Matia,395611,Rajkanika,Kendrapara,VERY LOW,0.1,1 time,OSDMA/NRSC Flood Hazard Atlas 2001-2018
Porala,395669,Rajkanika,Kendrapara,NO_DATA,0.0,NO_DATA,OSDMA/NRSC Flood Hazard Atlas 2001-2018
Satagharia,395659,Rajkanika,Kendrapara,LOW,0.3,2-4 times,OSDMA/NRSC Flood Hazard Atlas 2001-2018
Ektala,395612,Rajkanika,Kendrapara,LOW,0.3,2-4 times,OSDMA/NRSC Flood Hazard Atlas 2001-2018
Mahurigan,395613,Rajkanika,Kendrapara,NO_DATA,0.0,NO_DATA,OSDMA/NRSC Flood Hazard Atlas 2001-2018
Deuli,395617,Rajkanika,Kendrapara,LOW,0.3,2-4 times,OSDMA/NRSC Flood Hazard Atlas 2001-2018
Baranga,395622,Rajkanika,Kendrapara,LOW,0.3,2-4 times,OSDMA/NRSC Flood Hazard Atlas 2001-2018
Taras,395624,Rajkanika,Kendrapara,LOW,0.3,2-4 times,OSDMA/NRSC Flood Hazard Atlas 2001-2018
Ostia,395614,Rajkanika,Kendrapara,LOW,0.3,2-4 times,OSDMA/NRSC Flood Hazard Atlas 2001-2018
Saradaprasad,395762,Rajnagar,Kendrapara,VERY LOW,0.1,1 time,OSDMA/NRSC Flood Hazard Atlas 2001-2018
Langalabhanja,395610,Rajkanika,Kendrapara,LOW,0.3,2-4 times,OSDMA/NRSC Flood Hazard Atlas 2001-2018
Endulapur,395684,Rajkanika,Kendrapara,VERY LOW,0.1,1 time,OSDMA/NRSC Flood Hazard Atlas 2001-2018
Gokarneswar,395663,Rajkanika,Kendrapara,LOW,0.3,2-4 times,OSDMA/NRSC Flood Hazard Atlas 2001-2018
Kantapada,395664,Rajkanika,Kendrapara,LOW,0.3,2-4 times,OSDMA/NRSC Flood Hazard Atlas 2001-2018
Badagara,395665,Rajkanika,Kendrapara,NO_DATA,0.0,NO_DATA,OSDMA/NRSC Flood Hazard Atlas 2001-2018
Kalikapur,395668,Rajkanika,Kendrapara,NO_DATA,0.0,NO_DATA,OSDMA/NRSC Flood Hazard Atlas 2001-2018
Burudia,395623,Rajkanika,Kendrapara,LOW,0.3,2-4 times,OSDMA/NRSC Flood Hazard Atlas 2001-2018
Bajarpur,395685,Rajkanika,Kendrapara,VERY LOW,0.1,1 time,OSDMA/NRSC Flood Hazard Atlas 2001-2018
Cherantapada,395667,Rajkanika,Kendrapara,NO_DATA,0.0,NO_DATA,OSDMA/NRSC Flood Hazard Atlas 2001-2018
Panki,395607,Rajkanika,Kendrapara,VERY HIGH,1.0,10-14 times,OSDMA/NRSC Flood Hazard Atlas 2001-2018
Gunthala,395604,Rajkanika,Kendrapara,VERY HIGH,1.0,10-14 times,OSDMA/NRSC Flood Hazard Atlas 2001-2018
Upulei,395680,Rajkanika,Kendrapara,VERY LOW,0.1,1 time,OSDMA/NRSC Flood Hazard Atlas 2001-2018
Olaver,395656,Rajkanika,Kendrapara,VERY HIGH,1.0,10-14 times,OSDMA/NRSC Flood Hazard Atlas 2001-2018
Hariharpursasan,395672,Rajkanika,Kendrapara,LOW,0.3,2-4 times,OSDMA/NRSC Flood Hazard Atlas 2001-2018
Rajendranarayanpur,395802,Rajnagar,Kendrapara,VERY LOW,0.1,1 time,OSDMA/NRSC Flood Hazard Atlas 2001-2018
Ganja,395660,Rajkanika,Kendrapara,VERY HIGH,1.0,10-14 times,OSDMA/NRSC Flood Hazard Atlas 2001-2018
Baghuasuni,395621,Rajkanika,Kendrapara,VERY LOW,0.1,1 time,OSDMA/NRSC Flood Hazard Atlas 2001-2018
Bangarakuan,395616,Rajkanika,Kendrapara,LOW,0.3,2-4 times,OSDMA/NRSC Flood Hazard Atlas 2001-2018
Gualigan,395615,Rajkanika,Kendrapara,LOW,0.3,2-4 times,OSDMA/NRSC Flood Hazard Atlas 2001-2018
Gobindapur,395633,Rajkanika,Kendrapara,VERY LOW,0.1,1 time,OSDMA/NRSC Flood Hazard Atlas 2001-2018
Sialia,395625,Rajkanika,Kendrapara,NO_DATA,0.0,NO_DATA,OSDMA/NRSC Flood Hazard Atlas 2001-2018
Badataila,395628,Rajkanika,Kendrapara,LOW,0.3,2-4 times,OSDMA/NRSC Flood Hazard Atlas 2001-2018
Jagulaipada,395630,Rajkanika,Kendrapara,LOW,0.3,2-4 times,OSDMA/NRSC Flood Hazard Atlas 2001-2018
Barada,395627,Rajkanika,Kendrapara,LOW,0.3,2-4 times,OSDMA/NRSC Flood Hazard Atlas 2001-2018
Arasa,395626,Rajkanika,Kendrapara,NO_DATA,0.0,NO_DATA,OSDMA/NRSC Flood Hazard Atlas 2001-2018
Sikudi,395619,Rajkanika,Kendrapara,NO_DATA,0.0,NO_DATA,OSDMA/NRSC Flood Hazard Atlas 2001-2018
Bahadiha,395609,Rajkanika,Kendrapara,LOW,0.3,2-4 times,OSDMA/NRSC Flood Hazard Atlas 2001-2018
Manapur,395605,Rajkanika,Kendrapara,VERY HIGH,1.0,10-14 times,OSDMA/NRSC Flood Hazard Atlas 2001-2018
Malisahada,395673,Rajkanika,Kendrapara,LOW,0.3,2-4 times,OSDMA/NRSC Flood Hazard Atlas 2001-2018
Kalisipada,395674,Rajkanika,Kendrapara,VERY LOW,0.1,1 time,OSDMA/NRSC Flood Hazard Atlas 2001-2018
Pimpudi,395670,Rajkanika,Kendrapara,NO_DATA,0.0,NO_DATA,OSDMA/NRSC Flood Hazard Atlas 2001-2018
Gangadharpur,395666,Rajkanika,Kendrapara,NO_DATA,0.0,NO_DATA,OSDMA/NRSC Flood Hazard Atlas 2001-2018
Balibhanda,395654,Rajkanika,Kendrapara,HIGH,0.8,7-9 times,OSDMA/NRSC Flood Hazard Atlas 2001-2018
Madhupara,395677,Rajkanika,Kendrapara,NO_DATA,0.0,NO_DATA,OSDMA/NRSC Flood Hazard Atlas 2001-2018
Patuli,395636,Rajkanika,Kendrapara,VERY HIGH,1.0,10-14 times,OSDMA/NRSC Flood Hazard Atlas 2001-2018
Mantapara,395678,Rajkanika,Kendrapara,LOW,0.3,2-4 times,OSDMA/NRSC Flood Hazard Atlas 2001-2018
Pratappur,395637,Rajkanika,Kendrapara,VERY HIGH,1.0,10-14 times,OSDMA/NRSC Flood Hazard Atlas 2001-2018
Akhulipada,395671,Rajkanika,Kendrapara,NO_DATA,0.0,NO_DATA,OSDMA/NRSC Flood Hazard Atlas 2001-2018
Balarampur,395635,Rajkanika,Kendrapara,VERY LOW,0.1,1 time,OSDMA/NRSC Flood Hazard Atlas 2001-2018
Baghabuda,395629,Rajkanika,Kendrapara,VERY LOW,0.1,1 time,OSDMA/NRSC Flood Hazard Atlas 2001-2018
Govindpur,395803,Rajnagar,Kendrapara,VERY LOW,0.1,1 time,OSDMA/NRSC Flood Hazard Atlas 2001-2018
Safalanga,395634,Rajkanika,Kendrapara,VERY HIGH,1.0,10-14 times,OSDMA/NRSC Flood Hazard Atlas 2001-2018
Pegarapada,395639,Rajkanika,Kendrapara,VERY HIGH,1.0,10-14 times,OSDMA/NRSC Flood Hazard Atlas 2001-2018
Nahuni,395638,Rajkanika,Kendrapara,HIGH,0.8,7-9 times,OSDMA/NRSC Flood Hazard Atlas 2001-2018
Achinta,395631,Rajkanika,Kendrapara,LOW,0.3,2-4 times,OSDMA/NRSC Flood Hazard Atlas 2001-2018
Domanda Kaema,395606,Rajkanika,Kendrapara,NO_DATA,0.0,NO_DATA,OSDMA/NRSC Flood Hazard Atlas 2001-2018
Nuagan,395608,Rajkanika,Kendrapara,NO_DATA,0.0,NO_DATA,OSDMA/NRSC Flood Hazard Atlas 2001-2018
Upulei Dia,395681,Rajkanika,Kendrapara,NO_DATA,0.0,NO_DATA,OSDMA/NRSC Flood Hazard Atlas 2001-2018
Sanataila,395632,Rajkanika,Kendrapara,LOW,0.3,2-4 times,OSDMA/NRSC Flood Hazard Atlas 2001-2018
Nuagan,395686,Rajkanika,Kendrapara,NO_DATA,0.0,NO_DATA,OSDMA/NRSC Flood Hazard Atlas 2001-2018
Durgaprasad,395801,Rajnagar,Kendrapara,VERY LOW,0.1,1 time,OSDMA/NRSC Flood Hazard Atlas 2001-2018
Ragadapatia,395800,Rajnagar,Kendrapara,VERY LOW,0.1,1 time,OSDMA/NRSC Flood Hazard Atlas 2001-2018
Bankual,395799,Rajnagar,Kendrapara,VERY LOW,0.1,1 time,OSDMA/NRSC Flood Hazard Atlas 2001-2018
Dangamal,395766,Rajnagar,Kendrapara,HIGH,0.8,7-9 times,OSDMA/NRSC Flood Hazard Atlas 2001-2018
Trilochanpur,395765,Rajnagar,Kendrapara,VERY LOW,0.1,1 time,OSDMA/NRSC Flood Hazard Atlas 2001-2018
Kamalpur,395764,Rajnagar,Kendrapara,VERY LOW,0.1,1 time,OSDMA/NRSC Flood Hazard Atlas 2001-2018
Badhadia,395763,Rajnagar,Kendrapara,HIGH,0.8,7-9 times,OSDMA/NRSC Flood Hazard Atlas 2001-2018
Laxmiprasad Dia,395687,Rajkanika,Kendrapara,NO_DATA,0.0,NO_DATA,OSDMA/NRSC Flood Hazard Atlas 2001-2018
Asoka Dia,395688,Rajkanika,Kendrapara,NO_DATA,0.0,NO_DATA,OSDMA/NRSC Flood Hazard Atlas 2001-2018
Kanhupur,396072,Rajnagar,Kendrapara,LOW,0.3,2-4 times,OSDMA/NRSC Flood Hazard Atlas 2001-2018
Banipal,396067,Rajnagar,Kendrapara,LOW,0.3,2-4 times,OSDMA/NRSC Flood Hazard Atlas 2001-2018
Rangani,395797,Rajnagar,Kendrapara,VERY LOW,0.1,1 time,OSDMA/NRSC Flood Hazard Atlas 2001-2018
Narayanpur,395796,Rajnagar,Kendrapara,VERY HIGH,1.0,10-14 times,OSDMA/NRSC Flood Hazard Atlas 2001-2018
Udyan,395784,Rajnagar,Kendrapara,VERY LOW,0.1,1 time,OSDMA/NRSC Flood Hazard Atlas 2001-2018
Paramanandapur,395880,Rajnagar,Kendrapara,VERY HIGH,1.0,10-14 times,OSDMA/NRSC Flood Hazard Atlas 2001-2018
Mohanpur,395879,Rajnagar,Kendrapara,VERY HIGH,1.0,10-14 times,OSDMA/NRSC Flood Hazard Atlas 2001-2018
Govindapur,395878,Rajnagar,Kendrapara,NO_DATA,0.0,NO_DATA,OSDMA/NRSC Flood Hazard Atlas 2001-2018
Dalei Sahi,395785,Rajnagar,Kendrapara,VERY LOW,0.1,1 time,OSDMA/NRSC Flood Hazard Atlas 2001-2018
Ananta Keshari,395782,Rajnagar,Kendrapara,LOW,0.3,2-4 times,OSDMA/NRSC Flood Hazard Atlas 2001-2018
Ahirajpur,396063,Rajnagar,Kendrapara,VERY LOW,0.1,1 time,OSDMA/NRSC Flood Hazard Atlas 2001-2018
Sir Rajendrapur,396065,Rajnagar,Kendrapara,VERY LOW,0.1,1 time,OSDMA/NRSC Flood Hazard Atlas 2001-2018
Rabindrapalli,396070,Rajnagar,Kendrapara,NO_DATA,0.0,NO_DATA,OSDMA/NRSC Flood Hazard Atlas 2001-2018
Krishnanagar,395770,Rajnagar,Kendrapara,VERY LOW,0.1,1 time,OSDMA/NRSC Flood Hazard Atlas 2001-2018
Khas Munda,395783,Rajnagar,Kendrapara,VERY LOW,0.1,1 time,OSDMA/NRSC Flood Hazard Atlas 2001-2018
Sailendra Sarai,395781,Rajnagar,Kendrapara,VERY LOW,0.1,1 time,OSDMA/NRSC Flood Hazard Atlas 2001-2018
Bhanja Prasad,395778,Rajnagar,Kendrapara,VERY LOW,0.1,1 time,OSDMA/NRSC Flood Hazard Atlas 2001-2018
Dantiapada,396071,Rajnagar,Kendrapara,LOW,0.3,2-4 times,OSDMA/NRSC Flood Hazard Atlas 2001-2018
Keruapal,395786,Rajnagar,Kendrapara,LOW,0.3,2-4 times,OSDMA/NRSC Flood Hazard Atlas 2001-2018
Bagapatia Uttar,395827,Rajnagar,Kendrapara,NO_DATA,0.0,NO_DATA,OSDMA/NRSC Flood Hazard Atlas 2001-2018
Sourendrapur,395793,Rajnagar,Kendrapara,LOW,0.3,2-4 times,OSDMA/NRSC Flood Hazard Atlas 2001-2018
Pravati,396064,Rajnagar,Kendrapara,VERY LOW,0.1,1 time,OSDMA/NRSC Flood Hazard Atlas 2001-2018
Harina Pokhari,395795,Rajnagar,Kendrapara,LOW,0.3,2-4 times,OSDMA/NRSC Flood Hazard Atlas 2001-2018
Magarkanda,395833,Rajnagar,Kendrapara,LOW,0.3,2-4 times,OSDMA/NRSC Flood Hazard Atlas 2001-2018
Satavaya,396069,Rajnagar,Kendrapara,NO_DATA,0.0,NO_DATA,OSDMA/NRSC Flood Hazard Atlas 2001-2018
Manjulapalli,396066,Rajnagar,Kendrapara,VERY LOW,0.1,1 time,OSDMA/NRSC Flood Hazard Atlas 2001-2018
Barahipur,396068,Rajnagar,Kendrapara,NO_DATA,0.0,NO_DATA,OSDMA/NRSC Flood Hazard Atlas 2001-2018
Bagapatia,395834,Rajnagar,Kendrapara,VERY LOW,0.1,1 time,OSDMA/NRSC Flood Hazard Atlas 2001-2018
Amarabati,395790,Rajnagar,Kendrapara,LOW,0.3,2-4 times,OSDMA/NRSC Flood Hazard Atlas 2001-2018
Sailendranarayanpur,395811,Rajnagar,Kendrapara,LOW,0.3,2-4 times,OSDMA/NRSC Flood Hazard Atlas 2001-2018
Gopaljew Patana,395808,Rajnagar,Kendrapara,LOW,0.3,2-4 times,OSDMA/NRSC Flood Hazard Atlas 2001-2018
Rajpatana,395779,Rajnagar,Kendrapara,VERY LOW,0.1,1 time,OSDMA/NRSC Flood Hazard Atlas 2001-2018
Kanak Nagar,395771,Rajnagar,Kendrapara,LOW,0.3,2-4 times,OSDMA/NRSC Flood Hazard Atlas 2001-2018
Sailendranarayanpur Purbajungal Block,395810,Rajnagar,Kendrapara,NO_DATA,0.0,NO_DATA,OSDMA/NRSC Flood Hazard Atlas 2001-2018
Talchua,396062,Rajnagar,Kendrapara,VERY LOW,0.1,1 time,OSDMA/NRSC Flood Hazard Atlas 2001-2018
Sailendranagar,395772,Rajnagar,Kendrapara,VERY LOW,0.1,1 time,OSDMA/NRSC Flood Hazard Atlas 2001-2018
Baghua,395769,Rajnagar,Kendrapara,VERY LOW,0.1,1 time,OSDMA/NRSC Flood Hazard Atlas 2001-2018
Rajendranagar,395774,Rajnagar,Kendrapara,VERY LOW,0.1,1 time,OSDMA/NRSC Flood Hazard Atlas 2001-2018
Rajeswarinagar,395773,Rajnagar,Kendrapara,VERY LOW,0.1,1 time,OSDMA/NRSC Flood Hazard Atlas 2001-2018
Tikayat Nagar,395775,Rajnagar,Kendrapara,NO_DATA,0.0,NO_DATA,OSDMA/NRSC Flood Hazard Atlas 2001-2018
Birabhanjapur,395776,Rajnagar,Kendrapara,VERY LOW,0.1,1 time,OSDMA/NRSC Flood Hazard Atlas 2001-2018
Chanra Kolha,395792,Rajnagar,Kendrapara,VERY LOW,0.1,1 time,OSDMA/NRSC Flood Hazard Atlas 2001-2018
Garta,395791,Rajnagar,Kendrapara,VERY LOW,0.1,1 time,OSDMA/NRSC Flood Hazard Atlas 2001-2018
Habelichintamanipur,395829,Rajnagar,Kendrapara,NO_DATA,0.0,NO_DATA,OSDMA/NRSC Flood Hazard Atlas 2001-2018
Baunsagarh,395832,Rajnagar,Kendrapara,NO_DATA,0.0,NO_DATA,OSDMA/NRSC Flood Hazard Atlas 2001-2018
Sanagahiramatha,395830,Rajnagar,Kendrapara,NO_DATA,0.0,NO_DATA,OSDMA/NRSC Flood Hazard Atlas 2001-2018
Gopaljewpatna J Block,395809,Rajnagar,Kendrapara,NO_DATA,0.0,NO_DATA,OSDMA/NRSC Flood Hazard Atlas 2001-2018
Pata Paria,395807,Rajnagar,Kendrapara,LOW,0.3,2-4 times,OSDMA/NRSC Flood Hazard Atlas 2001-2018
Giria Pahi,395787,Rajnagar,Kendrapara,LOW,0.3,2-4 times,OSDMA/NRSC Flood Hazard Atlas 2001-2018
Vekta,395798,Rajnagar,Kendrapara,VERY LOW,0.1,1 time,OSDMA/NRSC Flood Hazard Atlas 2001-2018
Sikar Pahi,395794,Rajnagar,Kendrapara,VERY LOW,0.1,1 time,OSDMA/NRSC Flood Hazard Atlas 2001-2018
Baghamari,395789,Rajnagar,Kendrapara,VERY LOW,0.1,1 time,OSDMA/NRSC Flood Hazard Atlas 2001-2018
Radhamalipur,395788,Rajnagar,Kendrapara,VERY LOW,0.1,1 time,OSDMA/NRSC Flood Hazard Atlas 2001-2018
Jyoti Prasad,395777,Rajnagar,Kendrapara,VERY LOW,0.1,1 time,OSDMA/NRSC Flood Hazard Atlas 2001-2018
Sahebnagar,395881,Rajnagar,Kendrapara,VERY LOW,0.1,1 time,OSDMA/NRSC Flood Hazard Atlas 2001-2018
Suravi,395780,Rajnagar,Kendrapara,NO_DATA,0.0,NO_DATA,OSDMA/NRSC Flood Hazard Atlas 2001-2018
Sadanandapur,395876,Rajnagar,Kendrapara,VERY LOW,0.1,1 time,OSDMA/NRSC Flood Hazard Atlas 2001-2018
Tentuliakolha,395877,Rajnagar,Kendrapara,LOW,0.3,2-4 times,OSDMA/NRSC Flood Hazard Atlas 2001-2018
Badagahiramatha,395831,Rajnagar,Kendrapara,NO_DATA,0.0,NO_DATA,OSDMA/NRSC Flood Hazard Atlas 2001-2018
Kaduanasi,395828,Rajnagar,Kendrapara,NO_DATA,0.0,NO_DATA,OSDMA/NRSC Flood Hazard Atlas 2001-2018
Pinchapatia,395767,Rajnagar,Kendrapara,NO_DATA,0.0,NO_DATA,OSDMA/NRSC Flood Hazard Atlas 2001-2018
Subarnpur,395768,Rajnagar,Kendrapara,VERY LOW,0.1,1 time,OSDMA/NRSC Flood Hazard Atlas 2001-2018
Hukitola,396061,Mahakalapada,Kendrapara,NO_DATA,0.0,NO_DATA,OSDMA/NRSC Flood Hazard Atlas 2001-2018
Talapatta,396052,Rajnagar,Kendrapara,NO_DATA,0.0,NO_DATA,OSDMA/NRSC Flood Hazard Atlas 2001-2018
