slide_no,village,vlcode,latitude,longitude,movement_type,history,event_date,event_year,source_page
KER/WYD/58A2/2018/92,Kottappadi Part,627337,11.530277,76.14,debris slide,09 August 2018,2018-08-09,2018,376
KER/WYD/58A2/2018/64,Kottappadi Part,627337,11.55233333,76.10127778,"debris flow, debris flows",08 August 2018,2018-08-08,2018,375
KER/WYD/58A2/2018/67,Kottappadi Part,627337,11.5535,76.08627778,"debris flow, debris flows",08 August 2018,2018-08-08,2018,376
KER/WYD/58A2/2018/65,Kottappadi Part,627337,11.55458333,76.09483333,debris slide,09 August 2018,2018-08-09,2018,376
KER/WYD/58A2/2018/63,Kottappadi Part,627337,11.55683333,76.12963889,debris slide,09 August 2018,2018-08-09,2018,375
KER/WYD/58A2/2018/82,Kottappadi Part,627337,11.56580556,76.11833333,debris slide,09 August 2018,2018-08-09,2018,376
KER/WYD/58A2/2018/86,Kottappadi Part,627337,11.56669444,76.11777778,soil slide,08 August 2018,2018-08-08,2018,376
KER/WYD/58A2/2018/91,Kottappadi Part,627337,11.568888,76.126666,debris slide,09 August 2018,2018-08-09,2018,376
KRL/WAY/58A02/2015/73,Kottappadi Part,627337,11.541958,76.137411,debris slide,,,,322
KRL/WAY/58A02/2015/75,Kottappadi Part,627337,11.542717,76.121397,"rock cum debris slide, debris slide",,,,322
KRL/WAY/58A02/2015/74,Kottappadi Part,627337,11.543631,76.122139,debris slide,,,,322
KRL/WAY/58A02/2015/72,Kottappadi Part,627337,11.550339,76.136878,debris slide,,,,322
KRL/WAY/58A02/2015/69,Kottappadi Part,627337,11.552339,76.101264,debris slide,,,,322
KRL/WAY/58A02/2015/66,Kottappadi Part,627337,11.552539,76.0895,debris slide,,,,323
KRL/WAY/58A02/2015/65,Kottappadi Part,627337,11.553164,76.085942,debris slide,,,,323
KRL/WAY/58A02/2015/70,Kottappadi Part,627337,11.553283,76.101244,debris slide,,,,323
KER/WYD/58A2/2018/68,Kottappadi Part,627337,11.55377778,76.08938889,debris slide,,,,376
KRL/WAY/58A02/2015/68,Kottappadi Part,627337,11.554086,76.097822,debris slide,,,,323
KRL/WAY/58A02/2015/67,Kottappadi Part,627337,11.554256,76.0928,debris slide,,,,323
KRL/WAY/58A02/2015/63,Kottappadi Part,627337,11.5543,76.127939,subsidence,,,,323
KRL/WAY/58A02/2015/82,Kottappadi Part,627337,11.554431,76.131517,debris slide,,,,323
KER/WYD/58A2/2018/66,Kottappadi Part,627337,11.55455556,76.09052778,"debris flow, debris flows",,,,376
KRL/WAY/58A02/2015/64,Kottappadi Part,627337,11.5548,76.083589,debris slide,,,,323
KRL/WAY/58A02/2015/101,Kottappadi Part,627337,11.559383,76.135828,debris slide,,,,323
KRL/WAY/58A02/2015/103,Kottappadi Part,627337,11.559564,76.136561,debris slide,,,,323
KRL/WAY/58A02/2015/102,Kottappadi Part,627337,11.560225,76.136717,debris slide,,,,323
KER/WYD/58A2/2018/69,Kottappadi Part,627337,11.56111111,76.12858333,soil flow,,,,376
KRL/WAY/58A02/2015/71,Kottappadi Part,627337,11.562956,76.132781,debris slide,,,,323
KRL/WAY/58A02/2015/104,Kottappadi Part,627337,11.566717,76.115653,Unknown,,,,323
KER/WYD/58A2/2018/70,Kottappadi Part,627337,11.56894444,76.08027778,"debris flow, debris flows",,,,376
KER/WYD/58A2/2018/90,Thrikkaipatta Part,627338,11.578055,76.110833,debris slide,09 August 2018,2018-08-09,2018,376
KER/WYN/58A2/2019/45,Thrikkaipatta Part,627338,11.606776,76.118888,soil slide,,,,393
KER/WYN/58A2/2019/44,Thrikkaipatta Part,627338,11.608153,76.11606,soil slide,,,,393
KER/WYD/58A2/2018/94,Vellarimala,627340,11.502222,76.164722,soil slide,09 August 2018,2018-08-09,2018,376
KER/WYD/58A03/2024/01,Vellarimala,627340,11.46277778,76.13416667,debris flow,,,,392
KRL/MAL/54A03/2015/63,Vellarimala,627340,11.475014,76.16935,debris flow,,,,320
KER/WYN/58A3/2019/47,Vellarimala,627340,11.485279,76.160183,debris slide,,,,393
KER/WYN/58A3/2019/46,Vellarimala,627340,11.486797,76.160537,debris slide,,,,393
KER/WYN/58A3/2019/48,Vellarimala,627340,11.489735,76.158496,debris slide,,,,393
KER/WYN/58A3/2019/49,Vellarimala,627340,11.489962,76.158194,debris flow,,,,393
KER/WYN/58A3/2019/50,Vellarimala,627340,11.490127,76.157562,debris slide,,,,393
KER/WYN/58A3/2019/52,Vellarimala,627340,11.496464,76.160201,debris slide,,,,393
KER/WYN/58A3/2019/51,Vellarimala,627340,11.496489,76.16076,debris slide,,,,393
KER/WYN/58A3/2019/042,Vellarimala,627340,11.497473,76.12908,debris flow,,,,393
KER/WYN/58A3/2019/41,Vellarimala,627340,11.498578,76.128535,debris flow,,,,393
KER/WYN/58A3/2019/39,Vellarimala,627340,11.49859,76.125528,debris flow,,,,393
KER/WYN/58A3/2019/40,Vellarimala,627340,11.499223,76.127859,debris slide,,,,393
KER/WYD/58A2/2018/93,Vellarimala,627340,11.502222,76.164722,debris slide,,,,376
KER/WYN/58A2/2019/57,Vellarimala,627340,11.50273,76.16493,debris slide,,,,393
KER/WYN/58A2/2019/58,Vellarimala,627340,11.502775,76.15347,debris slide,,,,393
KER/WYN/58A2/2019/55,Vellarimala,627340,11.502947,76.164885,debris slide,,,,393
KER/WYN/58A2/2019/56,Vellarimala,627340,11.502947,76.164885,debris slide,,,,393
KER/WYN/58A2/2019/54,Vellarimala,627340,11.504907,76.167671,debris slide,,,,393
KER/WYN/58A2/2019/36,Vellarimala,627340,11.505195,76.142836,debris flow,,,,392
KER/WYN/58A2/2019/53,Vellarimala,627340,11.50535,76.167608,debris flow,,,,393
KER/WYN/58A2/2019/35,Vellarimala,627340,11.505738,76.135943,debris slide,,,,392
KRL/WAY/58A02/2015/85,Vellarimala,627340,11.505794,76.135806,"rock cum debris slide, debris slide",,,,320
KER/WYN/58A2/2019/37,Vellarimala,627340,11.506241,76.136642,debris flow,,,,393
KER/WYN/58A2/2019/34,Vellarimala,627340,11.507432,76.13507,debris flow,,,,392
KER/WYN/58A2/2019/38,Vellarimala,627340,11.510344,76.137337,debris slide,,,,393
KER/WYN/58A2/2019/59,Vellarimala,627340,11.514932,76.133862,debris slide,,,,393
KRL/WAY/58A02/2015/86,Vellarimala,627340,11.519206,76.135783,debris slide,,,,321
KER/WYD/58A03/2025/01,Vellarimala,627340,11.52101944,76.13565,debris slide,,,,396
KRL/WAY/58A02/2015/83,Vellarimala,627340,11.525275,76.145222,debris slide,,,,321
KRL/WAY/58A02/2015/84,Vellarimala,627340,11.526589,76.144019,debris slide,,,,321
